1111 1220
1 1.00000000000000e+02 0.00000000000000e+00 0.00000000000000e+00
2 1.00000000000000e+02 1.00000000000000e+01 0.00000000000000e+00
3 1.00000000000000e+02 1.00000000000000e+00 0.00000000000000e+00
4 1.00000000000000e+02 2.00000000000000e+00 0.00000000000000e+00
5 1.00000000000000e+02 3.00000000000000e+00 0.00000000000000e+00
6 1.00000000000000e+02 4.00000000000000e+00 0.00000000000000e+00
7 1.00000000000000e+02 5.00000000000000e+00 0.00000000000000e+00
8 1.00000000000000e+02 6.00000000000000e+00 0.00000000000000e+00
9 1.00000000000000e+02 7.00000000000000e+00 0.00000000000000e+00
10 1.00000000000000e+02 8.00000000000000e+00 0.00000000000000e+00
11 1.00000000000000e+02 9.00000000000000e+00 0.00000000000000e+00
12 0.00000000000000e+00 0.00000000000000e+00 0.00000000000000e+00
13 0.00000000000000e+00 1.00000000000000e+01 0.00000000000000e+00
14 0.00000000000000e+00 1.00000000000000e+00 0.00000000000000e+00
15 0.00000000000000e+00 2.00000000000000e+00 0.00000000000000e+00
16 0.00000000000000e+00 3.00000000000000e+00 0.00000000000000e+00
17 0.00000000000000e+00 4.00000000000000e+00 0.00000000000000e+00
18 0.00000000000000e+00 5.00000000000000e+00 0.00000000000000e+00
19 0.00000000000000e+00 6.00000000000000e+00 0.00000000000000e+00
20 0.00000000000000e+00 7.00000000000000e+00 0.00000000000000e+00
21 0.00000000000000e+00 8.00000000000000e+00 0.00000000000000e+00
22 0.00000000000000e+00 9.00000000000000e+00 0.00000000000000e+00
23 1.00000000000000e+00 0.00000000000000e+00 0.00000000000000e+00
24 1.00000000000000e+00 1.00000000000000e+01 0.00000000000000e+00
25 2.00000000000000e+00 0.00000000000000e+00 0.00000000000000e+00
26 2.00000000000000e+00 1.00000000000000e+01 0.00000000000000e+00
27 3.00000000000000e+00 0.00000000000000e+00 0.00000000000000e+00
28 3.00000000000000e+00 1.00000000000000e+01 0.00000000000000e+00
29 4.00000000000000e+00 0.00000000000000e+00 0.00000000000000e+00
30 4.00000000000000e+00 1.00000000000000e+01 0.00000000000000e+00
31 5.00000000000000e+00 0.00000000000000e+00 0.00000000000000e+00
32 5.00000000000000e+00 1.00000000000000e+01 0.00000000000000e+00
33 6.00000000000000e+00 0.00000000000000e+00 0.00000000000000e+00
34 6.00000000000000e+00 1.00000000000000e+01 0.00000000000000e+00
35 7.00000000000000e+00 0.00000000000000e+00 0.00000000000000e+00
36 7.00000000000000e+00 1.00000000000000e+01 0.00000000000000e+00
37 8.00000000000000e+00 0.00000000000000e+00 0.00000000000000e+00
38 8.00000000000000e+00 1.00000000000000e+01 0.00000000000000e+00
39 9.00000000000000e+00 0.00000000000000e+00 0.00000000000000e+00
40 9.00000000000000e+00 1.00000000000000e+01 0.00000000000000e+00
41 1.00000000000000e+01 0.00000000000000e+00 0.00000000000000e+00
42 1.00000000000000e+01 1.00000000000000e+01 0.00000000000000e+00
43 1.10000000000000e+01 0.00000000000000e+00 0.00000000000000e+00
44 1.10000000000000e+01 1.00000000000000e+01 0.00000000000000e+00
45 1.20000000000000e+01 0.00000000000000e+00 0.00000000000000e+00
46 1.20000000000000e+01 1.00000000000000e+01 0.00000000000000e+00
47 1.30000000000000e+01 0.00000000000000e+00 0.00000000000000e+00
48 1.30000000000000e+01 1.00000000000000e+01 0.00000000000000e+00
49 1.40000000000000e+01 0.00000000000000e+00 0.00000000000000e+00
50 1.40000000000000e+01 1.00000000000000e+01 0.00000000000000e+00
51 1.50000000000000e+01 0.00000000000000e+00 0.00000000000000e+00
52 1.50000000000000e+01 1.00000000000000e+01 0.00000000000000e+00
53 1.60000000000000e+01 0.00000000000000e+00 0.00000000000000e+00
54 1.60000000000000e+01 1.00000000000000e+01 0.00000000000000e+00
55 1.70000000000000e+01 0.00000000000000e+00 0.00000000000000e+00
56 1.70000000000000e+01 1.00000000000000e+01 0.00000000000000e+00
57 1.80000000000000e+01 0.00000000000000e+00 0.00000000000000e+00
58 1.80000000000000e+01 1.00000000000000e+01 0.00000000000000e+00
59 1.90000000000000e+01 0.00000000000000e+00 0.00000000000000e+00
60 1.90000000000000e+01 1.00000000000000e+01 0.00000000000000e+00
61 2.00000000000000e+01 0.00000000000000e+00 0.00000000000000e+00
62 2.00000000000000e+01 1.00000000000000e+01 0.00000000000000e+00
63 2.10000000000000e+01 0.00000000000000e+00 0.00000000000000e+00
64 2.10000000000000e+01 1.00000000000000e+01 0.00000000000000e+00
65 2.20000000000000e+01 0.00000000000000e+00 0.00000000000000e+00
66 2.20000000000000e+01 1.00000000000000e+01 0.00000000000000e+00
67 2.30000000000000e+01 0.00000000000000e+00 0.00000000000000e+00
68 2.30000000000000e+01 1.00000000000000e+01 0.00000000000000e+00
69 2.40000000000000e+01 0.00000000000000e+00 0.00000000000000e+00
70 2.40000000000000e+01 1.00000000000000e+01 0.00000000000000e+00
71 2.50000000000000e+01 0.00000000000000e+00 0.00000000000000e+00
72 2.50000000000000e+01 1.00000000000000e+01 0.00000000000000e+00
73 2.60000000000000e+01 0.00000000000000e+00 0.00000000000000e+00
74 2.60000000000000e+01 1.00000000000000e+01 0.00000000000000e+00
75 2.70000000000000e+01 0.00000000000000e+00 0.00000000000000e+00
76 2.70000000000000e+01 1.00000000000000e+01 0.00000000000000e+00
77 2.80000000000000e+01 0.00000000000000e+00 0.00000000000000e+00
78 2.80000000000000e+01 1.00000000000000e+01 0.00000000000000e+00
79 2.90000000000000e+01 0.00000000000000e+00 0.00000000000000e+00
80 2.90000000000000e+01 1.00000000000000e+01 0.00000000000000e+00
81 3.00000000000000e+01 0.00000000000000e+00 0.00000000000000e+00
82 3.00000000000000e+01 1.00000000000000e+01 0.00000000000000e+00
83 3.10000000000000e+01 0.00000000000000e+00 0.00000000000000e+00
84 3.10000000000000e+01 1.00000000000000e+01 0.00000000000000e+00
85 3.20000000000000e+01 0.00000000000000e+00 0.00000000000000e+00
86 3.20000000000000e+01 1.00000000000000e+01 0.00000000000000e+00
87 3.30000000000000e+01 0.00000000000000e+00 0.00000000000000e+00
88 3.30000000000000e+01 1.00000000000000e+01 0.00000000000000e+00
89 3.40000000000000e+01 0.00000000000000e+00 0.00000000000000e+00
90 3.40000000000000e+01 1.00000000000000e+01 0.00000000000000e+00
91 3.50000000000000e+01 0.00000000000000e+00 0.00000000000000e+00
92 3.50000000000000e+01 1.00000000000000e+01 0.00000000000000e+00
93 3.60000000000000e+01 0.00000000000000e+00 0.00000000000000e+00
94 3.60000000000000e+01 1.00000000000000e+01 0.00000000000000e+00
95 3.70000000000000e+01 0.00000000000000e+00 0.00000000000000e+00
96 3.70000000000000e+01 1.00000000000000e+01 0.00000000000000e+00
97 3.80000000000000e+01 0.00000000000000e+00 0.00000000000000e+00
98 3.80000000000000e+01 1.00000000000000e+01 0.00000000000000e+00
99 3.90000000000000e+01 0.00000000000000e+00 0.00000000000000e+00
100 3.90000000000000e+01 1.00000000000000e+01 0.00000000000000e+00
101 4.00000000000000e+01 0.00000000000000e+00 0.00000000000000e+00
102 4.00000000000000e+01 1.00000000000000e+01 0.00000000000000e+00
103 4.10000000000000e+01 0.00000000000000e+00 0.00000000000000e+00
104 4.10000000000000e+01 1.00000000000000e+01 0.00000000000000e+00
105 4.20000000000000e+01 0.00000000000000e+00 0.00000000000000e+00
106 4.20000000000000e+01 1.00000000000000e+01 0.00000000000000e+00
107 4.30000000000000e+01 0.00000000000000e+00 0.00000000000000e+00
108 4.30000000000000e+01 1.00000000000000e+01 0.00000000000000e+00
109 4.40000000000000e+01 0.00000000000000e+00 0.00000000000000e+00
110 4.40000000000000e+01 1.00000000000000e+01 0.00000000000000e+00
111 4.50000000000000e+01 0.00000000000000e+00 0.00000000000000e+00
112 4.50000000000000e+01 1.00000000000000e+01 0.00000000000000e+00
113 4.60000000000000e+01 0.00000000000000e+00 0.00000000000000e+00
114 4.60000000000000e+01 1.00000000000000e+01 0.00000000000000e+00
115 4.70000000000000e+01 0.00000000000000e+00 0.00000000000000e+00
116 4.70000000000000e+01 1.00000000000000e+01 0.00000000000000e+00
117 4.80000000000000e+01 0.00000000000000e+00 0.00000000000000e+00
118 4.80000000000000e+01 1.00000000000000e+01 0.00000000000000e+00
119 4.90000000000000e+01 0.00000000000000e+00 0.00000000000000e+00
120 4.90000000000000e+01 1.00000000000000e+01 0.00000000000000e+00
121 5.00000000000000e+01 0.00000000000000e+00 0.00000000000000e+00
122 5.00000000000000e+01 1.00000000000000e+01 0.00000000000000e+00
123 5.10000000000000e+01 0.00000000000000e+00 0.00000000000000e+00
124 5.10000000000000e+01 1.00000000000000e+01 0.00000000000000e+00
125 5.20000000000000e+01 0.00000000000000e+00 0.00000000000000e+00
126 5.20000000000000e+01 1.00000000000000e+01 0.00000000000000e+00
127 5.30000000000000e+01 0.00000000000000e+00 0.00000000000000e+00
128 5.30000000000000e+01 1.00000000000000e+01 0.00000000000000e+00
129 5.40000000000000e+01 0.00000000000000e+00 0.00000000000000e+00
130 5.40000000000000e+01 1.00000000000000e+01 0.00000000000000e+00
131 5.50000000000000e+01 0.00000000000000e+00 0.00000000000000e+00
132 5.50000000000000e+01 1.00000000000000e+01 0.00000000000000e+00
133 5.60000000000000e+01 0.00000000000000e+00 0.00000000000000e+00
134 5.60000000000000e+01 1.00000000000000e+01 0.00000000000000e+00
135 5.70000000000000e+01 0.00000000000000e+00 0.00000000000000e+00
136 5.70000000000000e+01 1.00000000000000e+01 0.00000000000000e+00
137 5.80000000000000e+01 0.00000000000000e+00 0.00000000000000e+00
138 5.80000000000000e+01 1.00000000000000e+01 0.00000000000000e+00
139 5.90000000000000e+01 0.00000000000000e+00 0.00000000000000e+00
140 5.90000000000000e+01 1.00000000000000e+01 0.00000000000000e+00
141 6.00000000000000e+01 0.00000000000000e+00 0.00000000000000e+00
142 6.00000000000000e+01 1.00000000000000e+01 0.00000000000000e+00
143 6.10000000000000e+01 0.00000000000000e+00 0.00000000000000e+00
144 6.10000000000000e+01 1.00000000000000e+01 0.00000000000000e+00
145 6.20000000000000e+01 0.00000000000000e+00 0.00000000000000e+00
146 6.20000000000000e+01 1.00000000000000e+01 0.00000000000000e+00
147 6.30000000000000e+01 0.00000000000000e+00 0.00000000000000e+00
148 6.30000000000000e+01 1.00000000000000e+01 0.00000000000000e+00
149 6.40000000000000e+01 0.00000000000000e+00 0.00000000000000e+00
150 6.40000000000000e+01 1.00000000000000e+01 0.00000000000000e+00
151 6.50000000000000e+01 0.00000000000000e+00 0.00000000000000e+00
152 6.50000000000000e+01 1.00000000000000e+01 0.00000000000000e+00
153 6.60000000000000e+01 0.00000000000000e+00 0.00000000000000e+00
154 6.60000000000000e+01 1.00000000000000e+01 0.00000000000000e+00
155 6.70000000000000e+01 0.00000000000000e+00 0.00000000000000e+00
156 6.70000000000000e+01 1.00000000000000e+01 0.00000000000000e+00
157 6.80000000000000e+01 0.00000000000000e+00 0.00000000000000e+00
158 6.80000000000000e+01 1.00000000000000e+01 0.00000000000000e+00
159 6.90000000000000e+01 0.00000000000000e+00 0.00000000000000e+00
160 6.90000000000000e+01 1.00000000000000e+01 0.00000000000000e+00
161 7.00000000000000e+01 0.00000000000000e+00 0.00000000000000e+00
162 7.00000000000000e+01 1.00000000000000e+01 0.00000000000000e+00
163 7.10000000000000e+01 0.00000000000000e+00 0.00000000000000e+00
164 7.10000000000000e+01 1.00000000000000e+01 0.00000000000000e+00
165 7.20000000000000e+01 0.00000000000000e+00 0.00000000000000e+00
166 7.20000000000000e+01 1.00000000000000e+01 0.00000000000000e+00
167 7.30000000000000e+01 0.00000000000000e+00 0.00000000000000e+00
168 7.30000000000000e+01 1.00000000000000e+01 0.00000000000000e+00
169 7.40000000000000e+01 0.00000000000000e+00 0.00000000000000e+00
170 7.40000000000000e+01 1.00000000000000e+01 0.00000000000000e+00
171 7.50000000000000e+01 0.00000000000000e+00 0.00000000000000e+00
172 7.50000000000000e+01 1.00000000000000e+01 0.00000000000000e+00
173 7.60000000000000e+01 0.00000000000000e+00 0.00000000000000e+00
174 7.60000000000000e+01 1.00000000000000e+01 0.00000000000000e+00
175 7.70000000000000e+01 0.00000000000000e+00 0.00000000000000e+00
176 7.70000000000000e+01 1.00000000000000e+01 0.00000000000000e+00
177 7.80000000000000e+01 0.00000000000000e+00 0.00000000000000e+00
178 7.80000000000000e+01 1.00000000000000e+01 0.00000000000000e+00
179 7.90000000000000e+01 0.00000000000000e+00 0.00000000000000e+00
180 7.90000000000000e+01 1.00000000000000e+01 0.00000000000000e+00
181 8.00000000000000e+01 0.00000000000000e+00 0.00000000000000e+00
182 8.00000000000000e+01 1.00000000000000e+01 0.00000000000000e+00
183 8.10000000000000e+01 0.00000000000000e+00 0.00000000000000e+00
184 8.10000000000000e+01 1.00000000000000e+01 0.00000000000000e+00
185 8.20000000000000e+01 0.00000000000000e+00 0.00000000000000e+00
186 8.20000000000000e+01 1.00000000000000e+01 0.00000000000000e+00
187 8.30000000000000e+01 0.00000000000000e+00 0.00000000000000e+00
188 8.30000000000000e+01 1.00000000000000e+01 0.00000000000000e+00
189 8.40000000000000e+01 0.00000000000000e+00 0.00000000000000e+00
190 8.40000000000000e+01 1.00000000000000e+01 0.00000000000000e+00
191 8.50000000000000e+01 0.00000000000000e+00 0.00000000000000e+00
192 8.50000000000000e+01 1.00000000000000e+01 0.00000000000000e+00
193 8.60000000000000e+01 0.00000000000000e+00 0.00000000000000e+00
194 8.60000000000000e+01 1.00000000000000e+01 0.00000000000000e+00
195 8.70000000000000e+01 0.00000000000000e+00 0.00000000000000e+00
196 8.70000000000000e+01 1.00000000000000e+01 0.00000000000000e+00
197 8.80000000000000e+01 0.00000000000000e+00 0.00000000000000e+00
198 8.80000000000000e+01 1.00000000000000e+01 0.00000000000000e+00
199 8.90000000000000e+01 0.00000000000000e+00 0.00000000000000e+00
200 8.90000000000000e+01 1.00000000000000e+01 0.00000000000000e+00
201 9.00000000000000e+01 0.00000000000000e+00 0.00000000000000e+00
202 9.00000000000000e+01 1.00000000000000e+01 0.00000000000000e+00
203 9.10000000000000e+01 0.00000000000000e+00 0.00000000000000e+00
204 9.10000000000000e+01 1.00000000000000e+01 0.00000000000000e+00
205 9.20000000000000e+01 0.00000000000000e+00 0.00000000000000e+00
206 9.20000000000000e+01 1.00000000000000e+01 0.00000000000000e+00
207 9.30000000000000e+01 0.00000000000000e+00 0.00000000000000e+00
208 9.30000000000000e+01 1.00000000000000e+01 0.00000000000000e+00
209 9.40000000000000e+01 0.00000000000000e+00 0.00000000000000e+00
210 9.40000000000000e+01 1.00000000000000e+01 0.00000000000000e+00
211 9.50000000000000e+01 0.00000000000000e+00 0.00000000000000e+00
212 9.50000000000000e+01 1.00000000000000e+01 0.00000000000000e+00
213 9.60000000000000e+01 0.00000000000000e+00 0.00000000000000e+00
214 9.60000000000000e+01 1.00000000000000e+01 0.00000000000000e+00
215 9.70000000000000e+01 0.00000000000000e+00 0.00000000000000e+00
216 9.70000000000000e+01 1.00000000000000e+01 0.00000000000000e+00
217 9.80000000000000e+01 0.00000000000000e+00 0.00000000000000e+00
218 9.80000000000000e+01 1.00000000000000e+01 0.00000000000000e+00
219 9.90000000000000e+01 0.00000000000000e+00 0.00000000000000e+00
220 9.90000000000000e+01 1.00000000000000e+01 0.00000000000000e+00
221 9.90000000000000e+01 1.00000000000000e+00 0.00000000000000e+00
222 9.80000000000000e+01 1.00000000000000e+00 0.00000000000000e+00
223 9.70000000000000e+01 1.00000000000000e+00 0.00000000000000e+00
224 9.60000000000000e+01 1.00000000000000e+00 0.00000000000000e+00
225 9.50000000000000e+01 1.00000000000000e+00 0.00000000000000e+00
226 9.40000000000000e+01 1.00000000000000e+00 0.00000000000000e+00
227 9.30000000000000e+01 1.00000000000000e+00 0.00000000000000e+00
228 9.20000000000000e+01 1.00000000000000e+00 0.00000000000000e+00
229 9.10000000000000e+01 1.00000000000000e+00 0.00000000000000e+00
230 9.00000000000000e+01 1.00000000000000e+00 0.00000000000000e+00
231 8.90000000000000e+01 1.00000000000000e+00 0.00000000000000e+00
232 8.80000000000000e+01 1.00000000000000e+00 0.00000000000000e+00
233 8.70000000000000e+01 1.00000000000000e+00 0.00000000000000e+00
234 8.60000000000000e+01 1.00000000000000e+00 0.00000000000000e+00
235 8.50000000000000e+01 1.00000000000000e+00 0.00000000000000e+00
236 8.40000000000000e+01 1.00000000000000e+00 0.00000000000000e+00
237 8.30000000000000e+01 1.00000000000000e+00 0.00000000000000e+00
238 8.20000000000000e+01 1.00000000000000e+00 0.00000000000000e+00
239 8.10000000000000e+01 1.00000000000000e+00 0.00000000000000e+00
240 8.00000000000000e+01 1.00000000000000e+00 0.00000000000000e+00
241 7.90000000000000e+01 1.00000000000000e+00 0.00000000000000e+00
242 7.80000000000000e+01 1.00000000000000e+00 0.00000000000000e+00
243 7.70000000000000e+01 1.00000000000000e+00 0.00000000000000e+00
244 7.60000000000000e+01 1.00000000000000e+00 0.00000000000000e+00
245 7.50000000000000e+01 1.00000000000000e+00 0.00000000000000e+00
246 7.40000000000000e+01 1.00000000000000e+00 0.00000000000000e+00
247 7.30000000000000e+01 1.00000000000000e+00 0.00000000000000e+00
248 7.20000000000000e+01 1.00000000000000e+00 0.00000000000000e+00
249 7.10000000000000e+01 1.00000000000000e+00 0.00000000000000e+00
250 7.00000000000000e+01 1.00000000000000e+00 0.00000000000000e+00
251 6.90000000000000e+01 1.00000000000000e+00 0.00000000000000e+00
252 6.80000000000000e+01 1.00000000000000e+00 0.00000000000000e+00
253 6.70000000000000e+01 1.00000000000000e+00 0.00000000000000e+00
254 6.60000000000000e+01 1.00000000000000e+00 0.00000000000000e+00
255 6.50000000000000e+01 1.00000000000000e+00 0.00000000000000e+00
256 6.40000000000000e+01 1.00000000000000e+00 0.00000000000000e+00
257 6.30000000000000e+01 1.00000000000000e+00 0.00000000000000e+00
258 6.20000000000000e+01 1.00000000000000e+00 0.00000000000000e+00
259 6.10000000000000e+01 1.00000000000000e+00 0.00000000000000e+00
260 6.00000000000000e+01 1.00000000000000e+00 0.00000000000000e+00
261 5.90000000000000e+01 1.00000000000000e+00 0.00000000000000e+00
262 5.80000000000000e+01 1.00000000000000e+00 0.00000000000000e+00
263 5.70000000000000e+01 1.00000000000000e+00 0.00000000000000e+00
264 5.60000000000000e+01 1.00000000000000e+00 0.00000000000000e+00
265 5.50000000000000e+01 1.00000000000000e+00 0.00000000000000e+00
266 5.40000000000000e+01 1.00000000000000e+00 0.00000000000000e+00
267 5.30000000000000e+01 1.00000000000000e+00 0.00000000000000e+00
268 5.20000000000000e+01 1.00000000000000e+00 0.00000000000000e+00
269 5.10000000000000e+01 1.00000000000000e+00 0.00000000000000e+00
270 5.00000000000000e+01 1.00000000000000e+00 0.00000000000000e+00
271 4.90000000000000e+01 1.00000000000000e+00 0.00000000000000e+00
272 4.80000000000000e+01 1.00000000000000e+00 0.00000000000000e+00
273 4.70000000000000e+01 1.00000000000000e+00 0.00000000000000e+00
274 4.60000000000000e+01 1.00000000000000e+00 0.00000000000000e+00
275 4.50000000000000e+01 1.00000000000000e+00 0.00000000000000e+00
276 4.40000000000000e+01 1.00000000000000e+00 0.00000000000000e+00
277 4.30000000000000e+01 1.00000000000000e+00 0.00000000000000e+00
278 4.20000000000000e+01 1.00000000000000e+00 0.00000000000000e+00
279 4.10000000000000e+01 1.00000000000000e+00 0.00000000000000e+00
280 4.00000000000000e+01 1.00000000000000e+00 0.00000000000000e+00
281 3.90000000000000e+01 1.00000000000000e+00 0.00000000000000e+00
282 3.80000000000000e+01 1.00000000000000e+00 0.00000000000000e+00
283 3.70000000000000e+01 1.00000000000000e+00 0.00000000000000e+00
284 3.60000000000000e+01 1.00000000000000e+00 0.00000000000000e+00
285 3.50000000000000e+01 1.00000000000000e+00 0.00000000000000e+00
286 3.40000000000000e+01 1.00000000000000e+00 0.00000000000000e+00
287 3.30000000000000e+01 1.00000000000000e+00 0.00000000000000e+00
288 3.20000000000000e+01 1.00000000000000e+00 0.00000000000000e+00
289 3.10000000000000e+01 1.00000000000000e+00 0.00000000000000e+00
290 3.00000000000000e+01 1.00000000000000e+00 0.00000000000000e+00
291 2.90000000000000e+01 1.00000000000000e+00 0.00000000000000e+00
292 2.80000000000000e+01 1.00000000000000e+00 0.00000000000000e+00
293 2.70000000000000e+01 1.00000000000000e+00 0.00000000000000e+00
294 2.60000000000000e+01 9.99999999999999e-01 0.00000000000000e+00
295 2.50000000000000e+01 1.00000000000000e+00 0.00000000000000e+00
296 2.40000000000000e+01 1.00000000000000e+00 0.00000000000000e+00
297 2.30000000000000e+01 1.00000000000000e+00 0.00000000000000e+00
298 2.20000000000000e+01 1.00000000000000e+00 0.00000000000000e+00
299 2.10000000000000e+01 1.00000000000000e+00 0.00000000000000e+00
300 2.00000000000000e+01 1.00000000000000e+00 0.00000000000000e+00
301 1.90000000000000e+01 1.00000000000000e+00 0.00000000000000e+00
302 1.80000000000000e+01 1.00000000000000e+00 0.00000000000000e+00
303 1.70000000000000e+01 1.00000000000000e+00 0.00000000000000e+00
304 1.60000000000000e+01 1.00000000000000e+00 0.00000000000000e+00
305 1.50000000000000e+01 1.00000000000000e+00 0.00000000000000e+00
306 1.40000000000000e+01 1.00000000000000e+00 0.00000000000000e+00
307 1.30000000000000e+01 1.00000000000000e+00 0.00000000000000e+00
308 1.20000000000000e+01 1.00000000000000e+00 0.00000000000000e+00
309 1.10000000000000e+01 1.00000000000000e+00 0.00000000000000e+00
310 1.00000000000000e+01 1.00000000000000e+00 0.00000000000000e+00
311 9.00000000000000e+00 1.00000000000000e+00 0.00000000000000e+00
312 8.00000000000000e+00 1.00000000000000e+00 0.00000000000000e+00
313 7.00000000000000e+00 1.00000000000000e+00 0.00000000000000e+00
314 6.00000000000000e+00 1.00000000000000e+00 0.00000000000000e+00
315 5.00000000000000e+00 1.00000000000000e+00 0.00000000000000e+00
316 4.00000000000000e+00 1.00000000000000e+00 0.00000000000000e+00
317 3.00000000000000e+00 1.00000000000000e+00 0.00000000000000e+00
318 2.00000000000000e+00 1.00000000000000e+00 0.00000000000000e+00
319 1.00000000000000e+00 1.00000000000000e+00 0.00000000000000e+00
320 9.90000000000000e+01 2.00000000000000e+00 0.00000000000000e+00
321 9.80000000000000e+01 2.00000000000000e+00 0.00000000000000e+00
322 9.70000000000000e+01 2.00000000000000e+00 0.00000000000000e+00
323 9.60000000000000e+01 2.00000000000000e+00 0.00000000000000e+00
324 9.50000000000000e+01 2.00000000000000e+00 0.00000000000000e+00
325 9.40000000000000e+01 2.00000000000000e+00 0.00000000000000e+00
326 9.30000000000000e+01 2.00000000000000e+00 0.00000000000000e+00
327 9.20000000000000e+01 2.00000000000000e+00 0.00000000000000e+00
328 9.10000000000000e+01 2.00000000000000e+00 0.00000000000000e+00
329 9.00000000000000e+01 2.00000000000000e+00 0.00000000000000e+00
330 8.90000000000000e+01 2.00000000000000e+00 0.00000000000000e+00
331 8.80000000000000e+01 2.00000000000000e+00 0.00000000000000e+00
332 8.70000000000000e+01 2.00000000000000e+00 0.00000000000000e+00
333 8.60000000000000e+01 2.00000000000000e+00 0.00000000000000e+00
334 8.50000000000000e+01 2.00000000000000e+00 0.00000000000000e+00
335 8.40000000000000e+01 2.00000000000000e+00 0.00000000000000e+00
336 8.30000000000000e+01 2.00000000000000e+00 0.00000000000000e+00
337 8.20000000000000e+01 2.00000000000000e+00 0.00000000000000e+00
338 8.10000000000000e+01 2.00000000000000e+00 0.00000000000000e+00
339 8.00000000000000e+01 2.00000000000000e+00 0.00000000000000e+00
340 7.90000000000000e+01 2.00000000000000e+00 0.00000000000000e+00
341 7.80000000000000e+01 2.00000000000000e+00 0.00000000000000e+00
342 7.70000000000000e+01 2.00000000000000e+00 0.00000000000000e+00
343 7.60000000000000e+01 2.00000000000000e+00 0.00000000000000e+00
344 7.50000000000000e+01 2.00000000000000e+00 0.00000000000000e+00
345 7.40000000000000e+01 2.00000000000000e+00 0.00000000000000e+00
346 7.30000000000000e+01 2.00000000000000e+00 0.00000000000000e+00
347 7.20000000000000e+01 2.00000000000000e+00 0.00000000000000e+00
348 7.10000000000000e+01 2.00000000000000e+00 0.00000000000000e+00
349 7.00000000000000e+01 2.00000000000000e+00 0.00000000000000e+00
350 6.90000000000000e+01 2.00000000000000e+00 0.00000000000000e+00
351 6.80000000000000e+01 2.00000000000000e+00 0.00000000000000e+00
352 6.70000000000000e+01 2.00000000000000e+00 0.00000000000000e+00
353 6.60000000000000e+01 2.00000000000000e+00 0.00000000000000e+00
354 6.50000000000000e+01 2.00000000000000e+00 0.00000000000000e+00
355 6.40000000000000e+01 2.00000000000000e+00 0.00000000000000e+00
356 6.30000000000000e+01 2.00000000000000e+00 0.00000000000000e+00
357 6.20000000000000e+01 2.00000000000000e+00 0.00000000000000e+00
358 6.10000000000000e+01 2.00000000000000e+00 0.00000000000000e+00
359 6.00000000000000e+01 2.00000000000000e+00 0.00000000000000e+00
360 5.90000000000000e+01 2.00000000000000e+00 0.00000000000000e+00
361 5.80000000000000e+01 2.00000000000000e+00 0.00000000000000e+00
362 5.70000000000000e+01 2.00000000000000e+00 0.00000000000000e+00
363 5.60000000000000e+01 2.00000000000000e+00 0.00000000000000e+00
364 5.50000000000000e+01 2.00000000000000e+00 0.00000000000000e+00
365 5.40000000000000e+01 2.00000000000000e+00 0.00000000000000e+00
366 5.30000000000000e+01 2.00000000000000e+00 0.00000000000000e+00
367 5.20000000000000e+01 2.00000000000000e+00 0.00000000000000e+00
368 5.10000000000000e+01 2.00000000000000e+00 0.00000000000000e+00
369 5.00000000000000e+01 2.00000000000000e+00 0.00000000000000e+00
370 4.90000000000000e+01 2.00000000000000e+00 0.00000000000000e+00
371 4.80000000000000e+01 2.00000000000000e+00 0.00000000000000e+00
372 4.70000000000000e+01 2.00000000000000e+00 0.00000000000000e+00
373 4.60000000000000e+01 2.00000000000000e+00 0.00000000000000e+00
374 4.50000000000000e+01 2.00000000000000e+00 0.00000000000000e+00
375 4.40000000000000e+01 2.00000000000000e+00 0.00000000000000e+00
376 4.30000000000000e+01 2.00000000000000e+00 0.00000000000000e+00
377 4.20000000000000e+01 2.00000000000000e+00 0.00000000000000e+00
378 4.10000000000000e+01 2.00000000000000e+00 0.00000000000000e+00
379 4.00000000000000e+01 2.00000000000000e+00 0.00000000000000e+00
380 3.90000000000000e+01 2.00000000000000e+00 0.00000000000000e+00
381 3.80000000000000e+01 2.00000000000000e+00 0.00000000000000e+00
382 3.70000000000000e+01 2.00000000000000e+00 0.00000000000000e+00
383 3.60000000000000e+01 2.00000000000000e+00 0.00000000000000e+00
384 3.50000000000000e+01 2.00000000000000e+00 0.00000000000000e+00
385 3.40000000000000e+01 2.00000000000000e+00 0.00000000000000e+00
386 3.30000000000000e+01 2.00000000000000e+00 0.00000000000000e+00
387 3.20000000000000e+01 2.00000000000000e+00 0.00000000000000e+00
388 3.10000000000000e+01 2.00000000000000e+00 0.00000000000000e+00
389 3.00000000000000e+01 2.00000000000000e+00 0.00000000000000e+00
390 2.90000000000000e+01 2.00000000000000e+00 0.00000000000000e+00
391 2.80000000000000e+01 2.00000000000000e+00 0.00000000000000e+00
392 2.70000000000000e+01 2.00000000000000e+00 0.00000000000000e+00
393 2.60000000000000e+01 2.00000000000000e+00 0.00000000000000e+00
394 2.50000000000000e+01 2.00000000000000e+00 0.00000000000000e+00
395 2.40000000000000e+01 2.00000000000000e+00 0.00000000000000e+00
396 2.30000000000000e+01 2.00000000000000e+00 0.00000000000000e+00
397 2.20000000000000e+01 2.00000000000000e+00 0.00000000000000e+00
398 2.10000000000000e+01 2.00000000000000e+00 0.00000000000000e+00
399 2.00000000000000e+01 2.00000000000000e+00 0.00000000000000e+00
400 1.90000000000000e+01 2.00000000000000e+00 0.00000000000000e+00
401 1.80000000000000e+01 2.00000000000000e+00 0.00000000000000e+00
402 1.70000000000000e+01 2.00000000000000e+00 0.00000000000000e+00
403 1.60000000000000e+01 2.00000000000000e+00 0.00000000000000e+00
404 1.50000000000000e+01 2.00000000000000e+00 0.00000000000000e+00
405 1.40000000000000e+01 2.00000000000000e+00 0.00000000000000e+00
406 1.30000000000000e+01 2.00000000000000e+00 0.00000000000000e+00
407 1.20000000000000e+01 2.00000000000000e+00 0.00000000000000e+00
408 1.10000000000000e+01 2.00000000000000e+00 0.00000000000000e+00
409 1.00000000000000e+01 2.00000000000000e+00 0.00000000000000e+00
410 9.00000000000000e+00 2.00000000000000e+00 0.00000000000000e+00
411 8.00000000000000e+00 2.00000000000000e+00 0.00000000000000e+00
412 7.00000000000000e+00 2.00000000000000e+00 0.00000000000000e+00
413 6.00000000000001e+00 2.00000000000000e+00 0.00000000000000e+00
414 5.00000000000000e+00 2.00000000000000e+00 0.00000000000000e+00
415 4.00000000000001e+00 2.00000000000000e+00 0.00000000000000e+00
416 3.00000000000000e+00 2.00000000000000e+00 0.00000000000000e+00
417 2.00000000000000e+00 2.00000000000000e+00 0.00000000000000e+00
418 1.00000000000000e+00 2.00000000000000e+00 0.00000000000000e+00
419 9.90000000000000e+01 3.00000000000000e+00 0.00000000000000e+00
420 9.80000000000000e+01 3.00000000000000e+00 0.00000000000000e+00
421 9.70000000000000e+01 3.00000000000000e+00 0.00000000000000e+00
422 9.60000000000000e+01 3.00000000000000e+00 0.00000000000000e+00
423 9.50000000000000e+01 3.00000000000000e+00 0.00000000000000e+00
424 9.40000000000000e+01 3.00000000000000e+00 0.00000000000000e+00
425 9.30000000000000e+01 3.00000000000000e+00 0.00000000000000e+00
426 9.20000000000000e+01 3.00000000000000e+00 0.00000000000000e+00
427 9.10000000000000e+01 3.00000000000000e+00 0.00000000000000e+00
428 9.00000000000000e+01 3.00000000000000e+00 0.00000000000000e+00
429 8.90000000000000e+01 3.00000000000000e+00 0.00000000000000e+00
430 8.80000000000000e+01 3.00000000000000e+00 0.00000000000000e+00
431 8.70000000000000e+01 3.00000000000000e+00 0.00000000000000e+00
432 8.60000000000000e+01 3.00000000000000e+00 0.00000000000000e+00
433 8.50000000000000e+01 3.00000000000000e+00 0.00000000000000e+00
434 8.40000000000000e+01 3.00000000000000e+00 0.00000000000000e+00
435 8.30000000000000e+01 3.00000000000000e+00 0.00000000000000e+00
436 8.20000000000000e+01 3.00000000000000e+00 0.00000000000000e+00
437 8.10000000000000e+01 3.00000000000000e+00 0.00000000000000e+00
438 8.00000000000000e+01 3.00000000000000e+00 0.00000000000000e+00
439 7.90000000000000e+01 3.00000000000000e+00 0.00000000000000e+00
440 7.80000000000000e+01 3.00000000000000e+00 0.00000000000000e+00
441 7.70000000000000e+01 3.00000000000000e+00 0.00000000000000e+00
442 7.60000000000000e+01 3.00000000000000e+00 0.00000000000000e+00
443 7.50000000000000e+01 3.00000000000000e+00 0.00000000000000e+00
444 7.40000000000000e+01 3.00000000000000e+00 0.00000000000000e+00
445 7.30000000000000e+01 3.00000000000000e+00 0.00000000000000e+00
446 7.20000000000000e+01 3.00000000000000e+00 0.00000000000000e+00
447 7.10000000000000e+01 3.00000000000000e+00 0.00000000000000e+00
448 7.00000000000000e+01 3.00000000000000e+00 0.00000000000000e+00
449 6.90000000000000e+01 3.00000000000000e+00 0.00000000000000e+00
450 6.80000000000000e+01 3.00000000000000e+00 0.00000000000000e+00
451 6.70000000000000e+01 3.00000000000000e+00 0.00000000000000e+00
452 6.60000000000000e+01 3.00000000000000e+00 0.00000000000000e+00
453 6.50000000000000e+01 3.00000000000000e+00 0.00000000000000e+00
454 6.40000000000000e+01 3.00000000000000e+00 0.00000000000000e+00
455 6.30000000000000e+01 3.00000000000000e+00 0.00000000000000e+00
456 6.20000000000000e+01 3.00000000000000e+00 0.00000000000000e+00
457 6.10000000000000e+01 3.00000000000000e+00 0.00000000000000e+00
458 6.00000000000000e+01 3.00000000000000e+00 0.00000000000000e+00
459 5.90000000000000e+01 3.00000000000000e+00 0.00000000000000e+00
460 5.80000000000000e+01 3.00000000000000e+00 0.00000000000000e+00
461 5.70000000000000e+01 3.00000000000000e+00 0.00000000000000e+00
462 5.60000000000000e+01 3.00000000000000e+00 0.00000000000000e+00
463 5.50000000000000e+01 3.00000000000000e+00 0.00000000000000e+00
464 5.40000000000000e+01 3.00000000000000e+00 0.00000000000000e+00
465 5.30000000000000e+01 3.00000000000000e+00 0.00000000000000e+00
466 5.20000000000000e+01 3.00000000000000e+00 0.00000000000000e+00
467 5.10000000000000e+01 3.00000000000000e+00 0.00000000000000e+00
468 5.00000000000000e+01 3.00000000000000e+00 0.00000000000000e+00
469 4.90000000000000e+01 3.00000000000000e+00 0.00000000000000e+00
470 4.80000000000000e+01 3.00000000000000e+00 0.00000000000000e+00
471 4.70000000000000e+01 3.00000000000000e+00 0.00000000000000e+00
472 4.60000000000000e+01 3.00000000000000e+00 0.00000000000000e+00
473 4.50000000000000e+01 3.00000000000000e+00 0.00000000000000e+00
474 4.40000000000000e+01 3.00000000000000e+00 0.00000000000000e+00
475 4.30000000000000e+01 3.00000000000000e+00 0.00000000000000e+00
476 4.20000000000000e+01 3.00000000000000e+00 0.00000000000000e+00
477 4.10000000000000e+01 3.00000000000000e+00 0.00000000000000e+00
478 4.00000000000000e+01 3.00000000000000e+00 0.00000000000000e+00
479 3.90000000000000e+01 3.00000000000000e+00 0.00000000000000e+00
480 3.80000000000000e+01 3.00000000000000e+00 0.00000000000000e+00
481 3.70000000000000e+01 3.00000000000000e+00 0.00000000000000e+00
482 3.60000000000000e+01 3.00000000000000e+00 0.00000000000000e+00
483 3.50000000000000e+01 3.00000000000000e+00 0.00000000000000e+00
484 3.40000000000000e+01 3.00000000000000e+00 0.00000000000000e+00
485 3.30000000000000e+01 3.00000000000000e+00 0.00000000000000e+00
486 3.20000000000000e+01 3.00000000000000e+00 0.00000000000000e+00
487 3.10000000000000e+01 3.00000000000000e+00 0.00000000000000e+00
488 3.00000000000000e+01 3.00000000000000e+00 0.00000000000000e+00
489 2.90000000000000e+01 3.00000000000000e+00 0.00000000000000e+00
490 2.80000000000000e+01 3.00000000000000e+00 0.00000000000000e+00
491 2.70000000000000e+01 3.00000000000000e+00 0.00000000000000e+00
492 2.60000000000000e+01 3.00000000000000e+00 0.00000000000000e+00
493 2.50000000000000e+01 3.00000000000000e+00 0.00000000000000e+00
494 2.40000000000000e+01 3.00000000000000e+00 0.00000000000000e+00
495 2.30000000000000e+01 3.00000000000000e+00 0.00000000000000e+00
496 2.20000000000000e+01 3.00000000000000e+00 0.00000000000000e+00
497 2.10000000000000e+01 3.00000000000000e+00 0.00000000000000e+00
498 2.00000000000000e+01 3.00000000000000e+00 0.00000000000000e+00
499 1.90000000000000e+01 3.00000000000000e+00 0.00000000000000e+00
500 1.80000000000000e+01 3.00000000000000e+00 0.00000000000000e+00
501 1.70000000000000e+01 3.00000000000000e+00 0.00000000000000e+00
502 1.60000000000000e+01 3.00000000000000e+00 0.00000000000000e+00
503 1.50000000000000e+01 3.00000000000000e+00 0.00000000000000e+00
504 1.40000000000000e+01 3.00000000000000e+00 0.00000000000000e+00
505 1.30000000000000e+01 3.00000000000000e+00 0.00000000000000e+00
506 1.20000000000000e+01 3.00000000000000e+00 0.00000000000000e+00
507 1.10000000000000e+01 3.00000000000000e+00 0.00000000000000e+00
508 1.00000000000000e+01 3.00000000000000e+00 0.00000000000000e+00
509 9.00000000000000e+00 3.00000000000000e+00 0.00000000000000e+00
510 8.00000000000000e+00 3.00000000000000e+00 0.00000000000000e+00
511 7.00000000000000e+00 3.00000000000000e+00 0.00000000000000e+00
512 6.00000000000000e+00 3.00000000000000e+00 0.00000000000000e+00
513 5.00000000000001e+00 3.00000000000000e+00 0.00000000000000e+00
514 4.00000000000001e+00 3.00000000000000e+00 0.00000000000000e+00
515 3.00000000000001e+00 3.00000000000000e+00 0.00000000000000e+00
516 2.00000000000000e+00 3.00000000000000e+00 0.00000000000000e+00
517 9.99999999999993e-01 3.00000000000000e+00 0.00000000000000e+00
518 9.90000000000000e+01 4.00000000000000e+00 0.00000000000000e+00
519 9.80000000000000e+01 4.00000000000000e+00 0.00000000000000e+00
520 9.70000000000000e+01 4.00000000000000e+00 0.00000000000000e+00
521 9.60000000000000e+01 4.00000000000000e+00 0.00000000000000e+00
522 9.50000000000000e+01 4.00000000000000e+00 0.00000000000000e+00
523 9.40000000000000e+01 4.00000000000000e+00 0.00000000000000e+00
524 9.30000000000000e+01 4.00000000000000e+00 0.00000000000000e+00
525 9.20000000000000e+01 4.00000000000000e+00 0.00000000000000e+00
526 9.10000000000000e+01 4.00000000000000e+00 0.00000000000000e+00
527 9.00000000000000e+01 4.00000000000000e+00 0.00000000000000e+00
528 8.90000000000000e+01 4.00000000000000e+00 0.00000000000000e+00
529 8.80000000000000e+01 4.00000000000000e+00 0.00000000000000e+00
530 8.70000000000000e+01 4.00000000000000e+00 0.00000000000000e+00
531 8.60000000000000e+01 4.00000000000000e+00 0.00000000000000e+00
532 8.50000000000000e+01 4.00000000000000e+00 0.00000000000000e+00
533 8.40000000000000e+01 4.00000000000000e+00 0.00000000000000e+00
534 8.30000000000000e+01 4.00000000000000e+00 0.00000000000000e+00
535 8.20000000000000e+01 4.00000000000000e+00 0.00000000000000e+00
536 8.10000000000000e+01 4.00000000000000e+00 0.00000000000000e+00
537 8.00000000000000e+01 4.00000000000000e+00 0.00000000000000e+00
538 7.90000000000000e+01 4.00000000000000e+00 0.00000000000000e+00
539 7.80000000000000e+01 4.00000000000000e+00 0.00000000000000e+00
540 7.70000000000000e+01 4.00000000000000e+00 0.00000000000000e+00
541 7.60000000000000e+01 4.00000000000000e+00 0.00000000000000e+00
542 7.50000000000000e+01 4.00000000000000e+00 0.00000000000000e+00
543 7.40000000000000e+01 4.00000000000000e+00 0.00000000000000e+00
544 7.30000000000000e+01 4.00000000000000e+00 0.00000000000000e+00
545 7.20000000000000e+01 4.00000000000000e+00 0.00000000000000e+00
546 7.10000000000000e+01 4.00000000000000e+00 0.00000000000000e+00
547 7.00000000000000e+01 4.00000000000000e+00 0.00000000000000e+00
548 6.90000000000000e+01 4.00000000000000e+00 0.00000000000000e+00
549 6.80000000000000e+01 4.00000000000000e+00 0.00000000000000e+00
550 6.70000000000000e+01 4.00000000000000e+00 0.00000000000000e+00
551 6.60000000000000e+01 4.00000000000000e+00 0.00000000000000e+00
552 6.50000000000000e+01 4.00000000000000e+00 0.00000000000000e+00
553 6.40000000000000e+01 4.00000000000000e+00 0.00000000000000e+00
554 6.30000000000000e+01 4.00000000000000e+00 0.00000000000000e+00
555 6.20000000000000e+01 4.00000000000000e+00 0.00000000000000e+00
556 6.10000000000000e+01 4.00000000000000e+00 0.00000000000000e+00
557 6.00000000000000e+01 4.00000000000000e+00 0.00000000000000e+00
558 5.90000000000000e+01 4.00000000000000e+00 0.00000000000000e+00
559 5.80000000000000e+01 4.00000000000000e+00 0.00000000000000e+00
560 5.70000000000000e+01 4.00000000000000e+00 0.00000000000000e+00
561 5.60000000000000e+01 4.00000000000000e+00 0.00000000000000e+00
562 5.50000000000000e+01 4.00000000000000e+00 0.00000000000000e+00
563 5.40000000000000e+01 4.00000000000000e+00 0.00000000000000e+00
564 5.30000000000000e+01 4.00000000000000e+00 0.00000000000000e+00
565 5.20000000000000e+01 4.00000000000000e+00 0.00000000000000e+00
566 5.10000000000000e+01 4.00000000000000e+00 0.00000000000000e+00
567 5.00000000000000e+01 4.00000000000000e+00 0.00000000000000e+00
568 4.90000000000000e+01 4.00000000000000e+00 0.00000000000000e+00
569 4.80000000000000e+01 4.00000000000000e+00 0.00000000000000e+00
570 4.70000000000000e+01 4.00000000000000e+00 0.00000000000000e+00
571 4.60000000000000e+01 4.00000000000000e+00 0.00000000000000e+00
572 4.50000000000000e+01 4.00000000000000e+00 0.00000000000000e+00
573 4.40000000000000e+01 4.00000000000000e+00 0.00000000000000e+00
574 4.30000000000000e+01 4.00000000000000e+00 0.00000000000000e+00
575 4.20000000000000e+01 4.00000000000000e+00 0.00000000000000e+00
576 4.10000000000000e+01 4.00000000000000e+00 0.00000000000000e+00
577 4.00000000000000e+01 4.00000000000000e+00 0.00000000000000e+00
578 3.90000000000000e+01 4.00000000000000e+00 0.00000000000000e+00
579 3.80000000000000e+01 4.00000000000000e+00 0.00000000000000e+00
580 3.70000000000000e+01 4.00000000000000e+00 0.00000000000000e+00
581 3.60000000000000e+01 4.00000000000000e+00 0.00000000000000e+00
582 3.50000000000000e+01 4.00000000000000e+00 0.00000000000000e+00
583 3.40000000000000e+01 4.00000000000000e+00 0.00000000000000e+00
584 3.30000000000000e+01 4.00000000000000e+00 0.00000000000000e+00
585 3.20000000000000e+01 4.00000000000000e+00 0.00000000000000e+00
586 3.10000000000000e+01 4.00000000000000e+00 0.00000000000000e+00
587 3.00000000000000e+01 4.00000000000000e+00 0.00000000000000e+00
588 2.90000000000000e+01 4.00000000000000e+00 0.00000000000000e+00
589 2.80000000000000e+01 4.00000000000000e+00 0.00000000000000e+00
590 2.70000000000000e+01 4.00000000000000e+00 0.00000000000000e+00
591 2.60000000000000e+01 4.00000000000000e+00 0.00000000000000e+00
592 2.50000000000000e+01 4.00000000000000e+00 0.00000000000000e+00
593 2.40000000000000e+01 4.00000000000000e+00 0.00000000000000e+00
594 2.30000000000000e+01 4.00000000000000e+00 0.00000000000000e+00
595 2.20000000000000e+01 4.00000000000000e+00 0.00000000000000e+00
596 2.10000000000000e+01 4.00000000000000e+00 0.00000000000000e+00
597 2.00000000000000e+01 4.00000000000000e+00 0.00000000000000e+00
598 1.90000000000000e+01 4.00000000000000e+00 0.00000000000000e+00
599 1.80000000000000e+01 4.00000000000000e+00 0.00000000000000e+00
600 1.70000000000000e+01 4.00000000000000e+00 0.00000000000000e+00
601 1.60000000000000e+01 4.00000000000000e+00 0.00000000000000e+00
602 1.50000000000000e+01 4.00000000000000e+00 0.00000000000000e+00
603 1.40000000000000e+01 4.00000000000000e+00 0.00000000000000e+00
604 1.30000000000000e+01 4.00000000000000e+00 0.00000000000000e+00
605 1.20000000000000e+01 4.00000000000000e+00 0.00000000000000e+00
606 1.10000000000000e+01 4.00000000000000e+00 0.00000000000000e+00
607 1.00000000000000e+01 4.00000000000000e+00 0.00000000000000e+00
608 9.00000000000000e+00 4.00000000000000e+00 0.00000000000000e+00
609 8.00000000000000e+00 4.00000000000000e+00 0.00000000000000e+00
610 7.00000000000000e+00 4.00000000000000e+00 0.00000000000000e+00
611 6.00000000000001e+00 4.00000000000000e+00 0.00000000000000e+00
612 5.00000000000000e+00 4.00000000000000e+00 0.00000000000000e+00
613 4.00000000000001e+00 4.00000000000000e+00 0.00000000000000e+00
614 3.00000000000000e+00 4.00000000000000e+00 0.00000000000000e+00
615 2.00000000000000e+00 4.00000000000000e+00 0.00000000000000e+00
616 1.00000000000000e+00 4.00000000000000e+00 0.00000000000000e+00
617 9.90000000000000e+01 5.00000000000000e+00 0.00000000000000e+00
618 9.80000000000000e+01 5.00000000000000e+00 0.00000000000000e+00
619 9.70000000000000e+01 5.00000000000000e+00 0.00000000000000e+00
620 9.60000000000000e+01 5.00000000000000e+00 0.00000000000000e+00
621 9.50000000000000e+01 5.00000000000000e+00 0.00000000000000e+00
622 9.40000000000000e+01 5.00000000000000e+00 0.00000000000000e+00
623 9.30000000000000e+01 5.00000000000000e+00 0.00000000000000e+00
624 9.20000000000000e+01 5.00000000000000e+00 0.00000000000000e+00
625 9.10000000000000e+01 5.00000000000000e+00 0.00000000000000e+00
626 9.00000000000000e+01 5.00000000000000e+00 0.00000000000000e+00
627 8.90000000000000e+01 5.00000000000000e+00 0.00000000000000e+00
628 8.80000000000000e+01 5.00000000000000e+00 0.00000000000000e+00
629 8.70000000000000e+01 5.00000000000000e+00 0.00000000000000e+00
630 8.60000000000000e+01 5.00000000000000e+00 0.00000000000000e+00
631 8.50000000000000e+01 5.00000000000000e+00 0.00000000000000e+00
632 8.40000000000000e+01 5.00000000000000e+00 0.00000000000000e+00
633 8.30000000000000e+01 5.00000000000000e+00 0.00000000000000e+00
634 8.20000000000000e+01 5.00000000000000e+00 0.00000000000000e+00
635 8.10000000000000e+01 5.00000000000000e+00 0.00000000000000e+00
636 8.00000000000000e+01 5.00000000000000e+00 0.00000000000000e+00
637 7.90000000000000e+01 5.00000000000000e+00 0.00000000000000e+00
638 7.80000000000000e+01 5.00000000000000e+00 0.00000000000000e+00
639 7.70000000000000e+01 5.00000000000000e+00 0.00000000000000e+00
640 7.60000000000000e+01 5.00000000000000e+00 0.00000000000000e+00
641 7.50000000000000e+01 5.00000000000000e+00 0.00000000000000e+00
642 7.40000000000000e+01 5.00000000000000e+00 0.00000000000000e+00
643 7.30000000000000e+01 5.00000000000000e+00 0.00000000000000e+00
644 7.20000000000000e+01 5.00000000000000e+00 0.00000000000000e+00
645 7.10000000000000e+01 5.00000000000000e+00 0.00000000000000e+00
646 7.00000000000000e+01 5.00000000000000e+00 0.00000000000000e+00
647 6.90000000000000e+01 5.00000000000000e+00 0.00000000000000e+00
648 6.80000000000000e+01 5.00000000000000e+00 0.00000000000000e+00
649 6.70000000000000e+01 5.00000000000000e+00 0.00000000000000e+00
650 6.60000000000000e+01 5.00000000000000e+00 0.00000000000000e+00
651 6.50000000000000e+01 5.00000000000000e+00 0.00000000000000e+00
652 6.40000000000000e+01 5.00000000000000e+00 0.00000000000000e+00
653 6.30000000000000e+01 5.00000000000000e+00 0.00000000000000e+00
654 6.20000000000000e+01 5.00000000000000e+00 0.00000000000000e+00
655 6.10000000000000e+01 5.00000000000000e+00 0.00000000000000e+00
656 6.00000000000000e+01 5.00000000000000e+00 0.00000000000000e+00
657 5.90000000000000e+01 5.00000000000000e+00 0.00000000000000e+00
658 5.80000000000000e+01 5.00000000000000e+00 0.00000000000000e+00
659 5.70000000000000e+01 5.00000000000000e+00 0.00000000000000e+00
660 5.60000000000000e+01 5.00000000000000e+00 0.00000000000000e+00
661 5.50000000000000e+01 5.00000000000000e+00 0.00000000000000e+00
662 5.40000000000000e+01 5.00000000000000e+00 0.00000000000000e+00
663 5.30000000000000e+01 5.00000000000000e+00 0.00000000000000e+00
664 5.20000000000000e+01 5.00000000000000e+00 0.00000000000000e+00
665 5.10000000000000e+01 5.00000000000000e+00 0.00000000000000e+00
666 5.00000000000000e+01 5.00000000000000e+00 0.00000000000000e+00
667 4.90000000000000e+01 5.00000000000000e+00 0.00000000000000e+00
668 4.80000000000000e+01 5.00000000000000e+00 0.00000000000000e+00
669 4.70000000000000e+01 5.00000000000000e+00 0.00000000000000e+00
670 4.60000000000000e+01 5.00000000000000e+00 0.00000000000000e+00
671 4.50000000000000e+01 5.00000000000000e+00 0.00000000000000e+00
672 4.40000000000000e+01 5.00000000000000e+00 0.00000000000000e+00
673 4.30000000000000e+01 5.00000000000000e+00 0.00000000000000e+00
674 4.20000000000000e+01 5.00000000000000e+00 0.00000000000000e+00
675 4.10000000000000e+01 5.00000000000000e+00 0.00000000000000e+00
676 4.00000000000000e+01 5.00000000000000e+00 0.00000000000000e+00
677 3.90000000000000e+01 5.00000000000000e+00 0.00000000000000e+00
678 3.80000000000000e+01 5.00000000000000e+00 0.00000000000000e+00
679 3.70000000000000e+01 5.00000000000000e+00 0.00000000000000e+00
680 3.60000000000000e+01 5.00000000000000e+00 0.00000000000000e+00
681 3.50000000000000e+01 5.00000000000000e+00 0.00000000000000e+00
682 3.40000000000000e+01 5.00000000000000e+00 0.00000000000000e+00
683 3.30000000000000e+01 5.00000000000000e+00 0.00000000000000e+00
684 3.20000000000000e+01 5.00000000000000e+00 0.00000000000000e+00
685 3.10000000000000e+01 5.00000000000000e+00 0.00000000000000e+00
686 3.00000000000000e+01 5.00000000000000e+00 0.00000000000000e+00
687 2.90000000000000e+01 5.00000000000000e+00 0.00000000000000e+00
688 2.80000000000000e+01 5.00000000000000e+00 0.00000000000000e+00
689 2.70000000000000e+01 5.00000000000000e+00 0.00000000000000e+00
690 2.60000000000000e+01 5.00000000000000e+00 0.00000000000000e+00
691 2.50000000000000e+01 5.00000000000000e+00 0.00000000000000e+00
692 2.40000000000000e+01 5.00000000000000e+00 0.00000000000000e+00
693 2.30000000000000e+01 5.00000000000000e+00 0.00000000000000e+00
694 2.20000000000000e+01 5.00000000000000e+00 0.00000000000000e+00
695 2.10000000000000e+01 5.00000000000000e+00 0.00000000000000e+00
696 2.00000000000000e+01 5.00000000000000e+00 0.00000000000000e+00
697 1.90000000000000e+01 5.00000000000000e+00 0.00000000000000e+00
698 1.80000000000000e+01 5.00000000000000e+00 0.00000000000000e+00
699 1.70000000000000e+01 5.00000000000000e+00 0.00000000000000e+00
700 1.60000000000000e+01 5.00000000000000e+00 0.00000000000000e+00
701 1.50000000000000e+01 5.00000000000000e+00 0.00000000000000e+00
702 1.40000000000000e+01 5.00000000000000e+00 0.00000000000000e+00
703 1.30000000000000e+01 5.00000000000000e+00 0.00000000000000e+00
704 1.20000000000000e+01 5.00000000000000e+00 0.00000000000000e+00
705 1.10000000000000e+01 5.00000000000000e+00 0.00000000000000e+00
706 1.00000000000000e+01 5.00000000000000e+00 0.00000000000000e+00
707 9.00000000000000e+00 5.00000000000000e+00 0.00000000000000e+00
708 8.00000000000000e+00 5.00000000000000e+00 0.00000000000000e+00
709 6.99999999999999e+00 5.00000000000000e+00 0.00000000000000e+00
710 5.99999999999999e+00 5.00000000000000e+00 0.00000000000000e+00
711 5.00000000000000e+00 5.00000000000000e+00 0.00000000000000e+00
712 3.99999999999999e+00 5.00000000000000e+00 0.00000000000000e+00
713 3.00000000000001e+00 5.00000000000000e+00 0.00000000000000e+00
714 2.00000000000000e+00 5.00000000000000e+00 0.00000000000000e+00
715 1.00000000000000e+00 5.00000000000000e+00 0.00000000000000e+00
716 9.90000000000000e+01 6.00000000000000e+00 0.00000000000000e+00
717 9.80000000000000e+01 6.00000000000000e+00 0.00000000000000e+00
718 9.70000000000000e+01 6.00000000000000e+00 0.00000000000000e+00
719 9.60000000000000e+01 6.00000000000000e+00 0.00000000000000e+00
720 9.50000000000000e+01 6.00000000000000e+00 0.00000000000000e+00
721 9.40000000000000e+01 6.00000000000000e+00 0.00000000000000e+00
722 9.30000000000000e+01 6.00000000000000e+00 0.00000000000000e+00
723 9.20000000000000e+01 6.00000000000000e+00 0.00000000000000e+00
724 9.10000000000000e+01 6.00000000000000e+00 0.00000000000000e+00
725 9.00000000000000e+01 6.00000000000000e+00 0.00000000000000e+00
726 8.90000000000000e+01 6.00000000000000e+00 0.00000000000000e+00
727 8.80000000000000e+01 6.00000000000000e+00 0.00000000000000e+00
728 8.70000000000000e+01 6.00000000000000e+00 0.00000000000000e+00
729 8.60000000000000e+01 6.00000000000000e+00 0.00000000000000e+00
730 8.50000000000000e+01 6.00000000000000e+00 0.00000000000000e+00
731 8.40000000000000e+01 6.00000000000000e+00 0.00000000000000e+00
732 8.30000000000000e+01 6.00000000000000e+00 0.00000000000000e+00
733 8.20000000000000e+01 6.00000000000000e+00 0.00000000000000e+00
734 8.10000000000000e+01 6.00000000000000e+00 0.00000000000000e+00
735 8.00000000000000e+01 6.00000000000000e+00 0.00000000000000e+00
736 7.90000000000000e+01 6.00000000000000e+00 0.00000000000000e+00
737 7.80000000000000e+01 6.00000000000000e+00 0.00000000000000e+00
738 7.70000000000000e+01 6.00000000000000e+00 0.00000000000000e+00
739 7.60000000000000e+01 6.00000000000000e+00 0.00000000000000e+00
740 7.50000000000000e+01 6.00000000000000e+00 0.00000000000000e+00
741 7.40000000000000e+01 6.00000000000000e+00 0.00000000000000e+00
742 7.30000000000000e+01 6.00000000000000e+00 0.00000000000000e+00
743 7.20000000000000e+01 6.00000000000000e+00 0.00000000000000e+00
744 7.10000000000000e+01 6.00000000000000e+00 0.00000000000000e+00
745 7.00000000000000e+01 6.00000000000000e+00 0.00000000000000e+00
746 6.90000000000000e+01 6.00000000000000e+00 0.00000000000000e+00
747 6.80000000000000e+01 6.00000000000000e+00 0.00000000000000e+00
748 6.70000000000000e+01 6.00000000000000e+00 0.00000000000000e+00
749 6.60000000000000e+01 6.00000000000000e+00 0.00000000000000e+00
750 6.50000000000000e+01 6.00000000000000e+00 0.00000000000000e+00
751 6.40000000000000e+01 6.00000000000000e+00 0.00000000000000e+00
752 6.30000000000000e+01 6.00000000000000e+00 0.00000000000000e+00
753 6.20000000000000e+01 6.00000000000000e+00 0.00000000000000e+00
754 6.10000000000000e+01 6.00000000000000e+00 0.00000000000000e+00
755 6.00000000000000e+01 6.00000000000000e+00 0.00000000000000e+00
756 5.90000000000000e+01 6.00000000000000e+00 0.00000000000000e+00
757 5.80000000000000e+01 6.00000000000000e+00 0.00000000000000e+00
758 5.70000000000000e+01 6.00000000000000e+00 0.00000000000000e+00
759 5.60000000000000e+01 6.00000000000000e+00 0.00000000000000e+00
760 5.50000000000000e+01 6.00000000000000e+00 0.00000000000000e+00
761 5.40000000000000e+01 6.00000000000000e+00 0.00000000000000e+00
762 5.30000000000000e+01 6.00000000000000e+00 0.00000000000000e+00
763 5.20000000000000e+01 6.00000000000000e+00 0.00000000000000e+00
764 5.10000000000000e+01 6.00000000000000e+00 0.00000000000000e+00
765 5.00000000000000e+01 6.00000000000000e+00 0.00000000000000e+00
766 4.90000000000000e+01 6.00000000000000e+00 0.00000000000000e+00
767 4.80000000000000e+01 6.00000000000000e+00 0.00000000000000e+00
768 4.70000000000000e+01 6.00000000000000e+00 0.00000000000000e+00
769 4.60000000000000e+01 6.00000000000000e+00 0.00000000000000e+00
770 4.50000000000000e+01 6.00000000000000e+00 0.00000000000000e+00
771 4.40000000000000e+01 6.00000000000000e+00 0.00000000000000e+00
772 4.30000000000000e+01 6.00000000000000e+00 0.00000000000000e+00
773 4.20000000000000e+01 6.00000000000000e+00 0.00000000000000e+00
774 4.10000000000000e+01 6.00000000000000e+00 0.00000000000000e+00
775 4.00000000000000e+01 6.00000000000000e+00 0.00000000000000e+00
776 3.90000000000000e+01 6.00000000000000e+00 0.00000000000000e+00
777 3.80000000000000e+01 6.00000000000000e+00 0.00000000000000e+00
778 3.70000000000000e+01 6.00000000000000e+00 0.00000000000000e+00
779 3.60000000000000e+01 6.00000000000000e+00 0.00000000000000e+00
780 3.50000000000000e+01 6.00000000000000e+00 0.00000000000000e+00
781 3.40000000000000e+01 6.00000000000000e+00 0.00000000000000e+00
782 3.30000000000000e+01 6.00000000000000e+00 0.00000000000000e+00
783 3.20000000000000e+01 6.00000000000000e+00 0.00000000000000e+00
784 3.10000000000000e+01 6.00000000000000e+00 0.00000000000000e+00
785 3.00000000000000e+01 6.00000000000000e+00 0.00000000000000e+00
786 2.90000000000000e+01 6.00000000000000e+00 0.00000000000000e+00
787 2.80000000000000e+01 6.00000000000000e+00 0.00000000000000e+00
788 2.70000000000000e+01 6.00000000000000e+00 0.00000000000000e+00
789 2.60000000000000e+01 6.00000000000000e+00 0.00000000000000e+00
790 2.50000000000000e+01 6.00000000000000e+00 0.00000000000000e+00
791 2.40000000000000e+01 6.00000000000000e+00 0.00000000000000e+00
792 2.30000000000000e+01 6.00000000000000e+00 0.00000000000000e+00
793 2.20000000000000e+01 6.00000000000000e+00 0.00000000000000e+00
794 2.10000000000000e+01 6.00000000000000e+00 0.00000000000000e+00
795 2.00000000000000e+01 6.00000000000000e+00 0.00000000000000e+00
796 1.90000000000000e+01 6.00000000000000e+00 0.00000000000000e+00
797 1.80000000000000e+01 6.00000000000000e+00 0.00000000000000e+00
798 1.70000000000000e+01 6.00000000000000e+00 0.00000000000000e+00
799 1.60000000000000e+01 6.00000000000000e+00 0.00000000000000e+00
800 1.50000000000000e+01 6.00000000000000e+00 0.00000000000000e+00
801 1.40000000000000e+01 6.00000000000000e+00 0.00000000000000e+00
802 1.30000000000000e+01 6.00000000000000e+00 0.00000000000000e+00
803 1.20000000000000e+01 6.00000000000000e+00 0.00000000000000e+00
804 1.10000000000000e+01 6.00000000000000e+00 0.00000000000000e+00
805 1.00000000000000e+01 6.00000000000000e+00 0.00000000000000e+00
806 9.00000000000000e+00 6.00000000000000e+00 0.00000000000000e+00
807 8.00000000000000e+00 6.00000000000000e+00 0.00000000000000e+00
808 7.00000000000000e+00 6.00000000000000e+00 0.00000000000000e+00
809 5.99999999999999e+00 6.00000000000000e+00 0.00000000000000e+00
810 5.00000000000000e+00 6.00000000000000e+00 0.00000000000000e+00
811 4.00000000000000e+00 6.00000000000000e+00 0.00000000000000e+00
812 2.99999999999999e+00 6.00000000000000e+00 0.00000000000000e+00
813 2.00000000000000e+00 6.00000000000000e+00 0.00000000000000e+00
814 1.00000000000000e+00 6.00000000000000e+00 0.00000000000000e+00
815 9.90000000000000e+01 7.00000000000000e+00 0.00000000000000e+00
816 9.80000000000000e+01 7.00000000000000e+00 0.00000000000000e+00
817 9.70000000000000e+01 7.00000000000000e+00 0.00000000000000e+00
818 9.60000000000000e+01 7.00000000000000e+00 0.00000000000000e+00
819 9.50000000000000e+01 7.00000000000000e+00 0.00000000000000e+00
820 9.40000000000000e+01 7.00000000000000e+00 0.00000000000000e+00
821 9.30000000000000e+01 7.00000000000000e+00 0.00000000000000e+00
822 9.20000000000000e+01 7.00000000000000e+00 0.00000000000000e+00
823 9.10000000000000e+01 7.00000000000000e+00 0.00000000000000e+00
824 9.00000000000000e+01 7.00000000000000e+00 0.00000000000000e+00
825 8.90000000000000e+01 7.00000000000000e+00 0.00000000000000e+00
826 8.80000000000000e+01 7.00000000000000e+00 0.00000000000000e+00
827 8.70000000000000e+01 7.00000000000000e+00 0.00000000000000e+00
828 8.60000000000000e+01 7.00000000000000e+00 0.00000000000000e+00
829 8.50000000000000e+01 7.00000000000000e+00 0.00000000000000e+00
830 8.40000000000000e+01 7.00000000000000e+00 0.00000000000000e+00
831 8.30000000000000e+01 7.00000000000000e+00 0.00000000000000e+00
832 8.20000000000000e+01 7.00000000000000e+00 0.00000000000000e+00
833 8.10000000000000e+01 7.00000000000000e+00 0.00000000000000e+00
834 8.00000000000000e+01 7.00000000000000e+00 0.00000000000000e+00
835 7.90000000000000e+01 7.00000000000000e+00 0.00000000000000e+00
836 7.80000000000000e+01 7.00000000000000e+00 0.00000000000000e+00
837 7.70000000000000e+01 7.00000000000000e+00 0.00000000000000e+00
838 7.60000000000000e+01 7.00000000000000e+00 0.00000000000000e+00
839 7.50000000000000e+01 7.00000000000000e+00 0.00000000000000e+00
840 7.40000000000000e+01 7.00000000000000e+00 0.00000000000000e+00
841 7.30000000000000e+01 7.00000000000000e+00 0.00000000000000e+00
842 7.20000000000000e+01 7.00000000000000e+00 0.00000000000000e+00
843 7.10000000000000e+01 7.00000000000000e+00 0.00000000000000e+00
844 7.00000000000000e+01 7.00000000000000e+00 0.00000000000000e+00
845 6.90000000000000e+01 7.00000000000000e+00 0.00000000000000e+00
846 6.80000000000000e+01 7.00000000000000e+00 0.00000000000000e+00
847 6.70000000000000e+01 7.00000000000000e+00 0.00000000000000e+00
848 6.60000000000000e+01 7.00000000000000e+00 0.00000000000000e+00
849 6.50000000000000e+01 7.00000000000000e+00 0.00000000000000e+00
850 6.40000000000000e+01 7.00000000000000e+00 0.00000000000000e+00
851 6.30000000000000e+01 7.00000000000000e+00 0.00000000000000e+00
852 6.20000000000000e+01 7.00000000000000e+00 0.00000000000000e+00
853 6.10000000000000e+01 7.00000000000000e+00 0.00000000000000e+00
854 6.00000000000000e+01 7.00000000000000e+00 0.00000000000000e+00
855 5.90000000000000e+01 7.00000000000000e+00 0.00000000000000e+00
856 5.80000000000000e+01 7.00000000000000e+00 0.00000000000000e+00
857 5.70000000000000e+01 7.00000000000000e+00 0.00000000000000e+00
858 5.60000000000000e+01 7.00000000000000e+00 0.00000000000000e+00
859 5.50000000000000e+01 7.00000000000000e+00 0.00000000000000e+00
860 5.40000000000000e+01 7.00000000000000e+00 0.00000000000000e+00
861 5.30000000000000e+01 7.00000000000000e+00 0.00000000000000e+00
862 5.20000000000000e+01 7.00000000000000e+00 0.00000000000000e+00
863 5.10000000000000e+01 7.00000000000000e+00 0.00000000000000e+00
864 5.00000000000000e+01 7.00000000000000e+00 0.00000000000000e+00
865 4.90000000000000e+01 7.00000000000000e+00 0.00000000000000e+00
866 4.80000000000000e+01 7.00000000000000e+00 0.00000000000000e+00
867 4.70000000000000e+01 7.00000000000000e+00 0.00000000000000e+00
868 4.60000000000000e+01 7.00000000000000e+00 0.00000000000000e+00
869 4.50000000000000e+01 7.00000000000000e+00 0.00000000000000e+00
870 4.40000000000000e+01 7.00000000000000e+00 0.00000000000000e+00
871 4.30000000000000e+01 7.00000000000000e+00 0.00000000000000e+00
872 4.20000000000000e+01 7.00000000000000e+00 0.00000000000000e+00
873 4.10000000000000e+01 7.00000000000000e+00 0.00000000000000e+00
874 4.00000000000000e+01 7.00000000000000e+00 0.00000000000000e+00
875 3.90000000000000e+01 7.00000000000000e+00 0.00000000000000e+00
876 3.80000000000000e+01 7.00000000000000e+00 0.00000000000000e+00
877 3.70000000000000e+01 7.00000000000000e+00 0.00000000000000e+00
878 3.60000000000000e+01 7.00000000000000e+00 0.00000000000000e+00
879 3.50000000000000e+01 7.00000000000000e+00 0.00000000000000e+00
880 3.40000000000000e+01 7.00000000000000e+00 0.00000000000000e+00
881 3.30000000000000e+01 7.00000000000000e+00 0.00000000000000e+00
882 3.20000000000000e+01 7.00000000000000e+00 0.00000000000000e+00
883 3.10000000000000e+01 7.00000000000000e+00 0.00000000000000e+00
884 3.00000000000000e+01 7.00000000000000e+00 0.00000000000000e+00
885 2.90000000000000e+01 7.00000000000000e+00 0.00000000000000e+00
886 2.80000000000000e+01 7.00000000000000e+00 0.00000000000000e+00
887 2.70000000000000e+01 7.00000000000000e+00 0.00000000000000e+00
888 2.60000000000000e+01 7.00000000000000e+00 0.00000000000000e+00
889 2.50000000000000e+01 7.00000000000000e+00 0.00000000000000e+00
890 2.40000000000000e+01 7.00000000000000e+00 0.00000000000000e+00
891 2.30000000000000e+01 7.00000000000000e+00 0.00000000000000e+00
892 2.20000000000000e+01 7.00000000000000e+00 0.00000000000000e+00
893 2.10000000000000e+01 7.00000000000000e+00 0.00000000000000e+00
894 2.00000000000000e+01 7.00000000000000e+00 0.00000000000000e+00
895 1.90000000000000e+01 7.00000000000000e+00 0.00000000000000e+00
896 1.80000000000000e+01 7.00000000000000e+00 0.00000000000000e+00
897 1.70000000000000e+01 7.00000000000000e+00 0.00000000000000e+00
898 1.60000000000000e+01 7.00000000000000e+00 0.00000000000000e+00
899 1.50000000000000e+01 7.00000000000000e+00 0.00000000000000e+00
900 1.40000000000000e+01 7.00000000000000e+00 0.00000000000000e+00
901 1.30000000000000e+01 7.00000000000000e+00 0.00000000000000e+00
902 1.20000000000000e+01 7.00000000000000e+00 0.00000000000000e+00
903 1.10000000000000e+01 7.00000000000000e+00 0.00000000000000e+00
904 1.00000000000000e+01 7.00000000000000e+00 0.00000000000000e+00
905 8.99999999999999e+00 7.00000000000000e+00 0.00000000000000e+00
906 7.99999999999999e+00 7.00000000000000e+00 0.00000000000000e+00
907 6.99999999999999e+00 7.00000000000000e+00 0.00000000000000e+00
908 5.99999999999999e+00 7.00000000000000e+00 0.00000000000000e+00
909 5.00000000000000e+00 7.00000000000000e+00 0.00000000000000e+00
910 4.00000000000000e+00 7.00000000000000e+00 0.00000000000000e+00
911 2.99999999999999e+00 7.00000000000000e+00 0.00000000000000e+00
912 2.00000000000000e+00 7.00000000000000e+00 0.00000000000000e+00
913 9.99999999999993e-01 7.00000000000000e+00 0.00000000000000e+00
914 9.90000000000000e+01 8.00000000000000e+00 0.00000000000000e+00
915 9.80000000000000e+01 8.00000000000000e+00 0.00000000000000e+00
916 9.70000000000000e+01 8.00000000000000e+00 0.00000000000000e+00
917 9.60000000000000e+01 8.00000000000000e+00 0.00000000000000e+00
918 9.50000000000000e+01 8.00000000000000e+00 0.00000000000000e+00
919 9.40000000000000e+01 8.00000000000000e+00 0.00000000000000e+00
920 9.30000000000000e+01 8.00000000000000e+00 0.00000000000000e+00
921 9.20000000000000e+01 8.00000000000000e+00 0.00000000000000e+00
922 9.10000000000000e+01 8.00000000000000e+00 0.00000000000000e+00
923 9.00000000000000e+01 8.00000000000000e+00 0.00000000000000e+00
924 8.90000000000000e+01 8.00000000000000e+00 0.00000000000000e+00
925 8.80000000000000e+01 8.00000000000000e+00 0.00000000000000e+00
926 8.70000000000000e+01 8.00000000000000e+00 0.00000000000000e+00
927 8.60000000000000e+01 8.00000000000000e+00 0.00000000000000e+00
928 8.50000000000000e+01 8.00000000000000e+00 0.00000000000000e+00
929 8.40000000000000e+01 8.00000000000000e+00 0.00000000000000e+00
930 8.30000000000000e+01 8.00000000000000e+00 0.00000000000000e+00
931 8.20000000000000e+01 8.00000000000000e+00 0.00000000000000e+00
932 8.10000000000000e+01 8.00000000000000e+00 0.00000000000000e+00
933 8.00000000000000e+01 8.00000000000000e+00 0.00000000000000e+00
934 7.90000000000000e+01 8.00000000000000e+00 0.00000000000000e+00
935 7.80000000000000e+01 8.00000000000000e+00 0.00000000000000e+00
936 7.70000000000000e+01 8.00000000000000e+00 0.00000000000000e+00
937 7.60000000000000e+01 8.00000000000000e+00 0.00000000000000e+00
938 7.50000000000000e+01 8.00000000000000e+00 0.00000000000000e+00
939 7.40000000000000e+01 8.00000000000000e+00 0.00000000000000e+00
940 7.30000000000000e+01 8.00000000000000e+00 0.00000000000000e+00
941 7.20000000000000e+01 8.00000000000000e+00 0.00000000000000e+00
942 7.10000000000000e+01 8.00000000000000e+00 0.00000000000000e+00
943 7.00000000000000e+01 8.00000000000000e+00 0.00000000000000e+00
944 6.90000000000000e+01 8.00000000000000e+00 0.00000000000000e+00
945 6.80000000000000e+01 8.00000000000000e+00 0.00000000000000e+00
946 6.70000000000000e+01 8.00000000000000e+00 0.00000000000000e+00
947 6.60000000000000e+01 8.00000000000000e+00 0.00000000000000e+00
948 6.50000000000000e+01 8.00000000000000e+00 0.00000000000000e+00
949 6.40000000000000e+01 8.00000000000000e+00 0.00000000000000e+00
950 6.30000000000000e+01 8.00000000000000e+00 0.00000000000000e+00
951 6.20000000000000e+01 8.00000000000000e+00 0.00000000000000e+00
952 6.10000000000000e+01 8.00000000000000e+00 0.00000000000000e+00
953 6.00000000000000e+01 8.00000000000000e+00 0.00000000000000e+00
954 5.90000000000000e+01 8.00000000000000e+00 0.00000000000000e+00
955 5.80000000000000e+01 8.00000000000000e+00 0.00000000000000e+00
956 5.70000000000000e+01 8.00000000000000e+00 0.00000000000000e+00
957 5.60000000000000e+01 8.00000000000000e+00 0.00000000000000e+00
958 5.50000000000000e+01 8.00000000000000e+00 0.00000000000000e+00
959 5.40000000000000e+01 8.00000000000000e+00 0.00000000000000e+00
960 5.30000000000000e+01 8.00000000000000e+00 0.00000000000000e+00
961 5.20000000000000e+01 8.00000000000000e+00 0.00000000000000e+00
962 5.10000000000000e+01 8.00000000000000e+00 0.00000000000000e+00
963 5.00000000000000e+01 8.00000000000000e+00 0.00000000000000e+00
964 4.90000000000000e+01 8.00000000000000e+00 0.00000000000000e+00
965 4.80000000000000e+01 8.00000000000000e+00 0.00000000000000e+00
966 4.70000000000000e+01 8.00000000000000e+00 0.00000000000000e+00
967 4.60000000000000e+01 8.00000000000000e+00 0.00000000000000e+00
968 4.50000000000000e+01 8.00000000000000e+00 0.00000000000000e+00
969 4.40000000000000e+01 8.00000000000000e+00 0.00000000000000e+00
970 4.30000000000000e+01 8.00000000000000e+00 0.00000000000000e+00
971 4.20000000000000e+01 8.00000000000000e+00 0.00000000000000e+00
972 4.10000000000000e+01 8.00000000000000e+00 0.00000000000000e+00
973 4.00000000000000e+01 8.00000000000000e+00 0.00000000000000e+00
974 3.90000000000000e+01 8.00000000000000e+00 0.00000000000000e+00
975 3.80000000000000e+01 8.00000000000000e+00 0.00000000000000e+00
976 3.70000000000000e+01 8.00000000000000e+00 0.00000000000000e+00
977 3.60000000000000e+01 8.00000000000000e+00 0.00000000000000e+00
978 3.50000000000000e+01 8.00000000000000e+00 0.00000000000000e+00
979 3.40000000000000e+01 8.00000000000000e+00 0.00000000000000e+00
980 3.30000000000000e+01 8.00000000000000e+00 0.00000000000000e+00
981 3.20000000000000e+01 8.00000000000000e+00 0.00000000000000e+00
982 3.10000000000000e+01 8.00000000000000e+00 0.00000000000000e+00
983 3.00000000000000e+01 8.00000000000000e+00 0.00000000000000e+00
984 2.90000000000000e+01 8.00000000000000e+00 0.00000000000000e+00
985 2.80000000000000e+01 8.00000000000000e+00 0.00000000000000e+00
986 2.70000000000000e+01 8.00000000000000e+00 0.00000000000000e+00
987 2.60000000000000e+01 8.00000000000000e+00 0.00000000000000e+00
988 2.50000000000000e+01 8.00000000000000e+00 0.00000000000000e+00
989 2.40000000000000e+01 8.00000000000000e+00 0.00000000000000e+00
990 2.30000000000000e+01 8.00000000000000e+00 0.00000000000000e+00
991 2.20000000000000e+01 8.00000000000000e+00 0.00000000000000e+00
992 2.10000000000000e+01 8.00000000000000e+00 0.00000000000000e+00
993 2.00000000000000e+01 8.00000000000000e+00 0.00000000000000e+00
994 1.90000000000000e+01 8.00000000000000e+00 0.00000000000000e+00
995 1.80000000000000e+01 8.00000000000000e+00 0.00000000000000e+00
996 1.70000000000000e+01 8.00000000000000e+00 0.00000000000000e+00
997 1.60000000000000e+01 8.00000000000000e+00 0.00000000000000e+00
998 1.50000000000000e+01 8.00000000000000e+00 0.00000000000000e+00
999 1.40000000000000e+01 8.00000000000000e+00 0.00000000000000e+00
1000 1.30000000000000e+01 8.00000000000000e+00 0.00000000000000e+00
1001 1.20000000000000e+01 8.00000000000000e+00 0.00000000000000e+00
1002 1.10000000000000e+01 8.00000000000000e+00 0.00000000000000e+00
1003 1.00000000000000e+01 8.00000000000000e+00 0.00000000000000e+00
1004 9.00000000000000e+00 8.00000000000000e+00 0.00000000000000e+00
1005 8.00000000000000e+00 8.00000000000000e+00 0.00000000000000e+00
1006 7.00000000000000e+00 8.00000000000000e+00 0.00000000000000e+00
1007 6.00000000000000e+00 8.00000000000000e+00 0.00000000000000e+00
1008 5.00000000000000e+00 8.00000000000000e+00 0.00000000000000e+00
1009 4.00000000000000e+00 8.00000000000000e+00 0.00000000000000e+00
1010 2.99999999999999e+00 8.00000000000000e+00 0.00000000000000e+00
1011 2.00000000000000e+00 8.00000000000000e+00 0.00000000000000e+00
1012 1.00000000000000e+00 8.00000000000000e+00 0.00000000000000e+00
1013 9.90000000000000e+01 9.00000000000000e+00 0.00000000000000e+00
1014 9.80000000000000e+01 9.00000000000000e+00 0.00000000000000e+00
1015 9.70000000000000e+01 9.00000000000000e+00 0.00000000000000e+00
1016 9.60000000000000e+01 9.00000000000000e+00 0.00000000000000e+00
1017 9.50000000000000e+01 9.00000000000000e+00 0.00000000000000e+00
1018 9.40000000000000e+01 9.00000000000000e+00 0.00000000000000e+00
1019 9.30000000000000e+01 9.00000000000000e+00 0.00000000000000e+00
1020 9.20000000000000e+01 9.00000000000000e+00 0.00000000000000e+00
1021 9.10000000000000e+01 9.00000000000000e+00 0.00000000000000e+00
1022 9.00000000000000e+01 9.00000000000000e+00 0.00000000000000e+00
1023 8.90000000000000e+01 9.00000000000000e+00 0.00000000000000e+00
1024 8.80000000000000e+01 9.00000000000000e+00 0.00000000000000e+00
1025 8.70000000000000e+01 9.00000000000000e+00 0.00000000000000e+00
1026 8.60000000000000e+01 9.00000000000000e+00 0.00000000000000e+00
1027 8.50000000000000e+01 9.00000000000000e+00 0.00000000000000e+00
1028 8.40000000000000e+01 9.00000000000000e+00 0.00000000000000e+00
1029 8.30000000000000e+01 9.00000000000000e+00 0.00000000000000e+00
1030 8.20000000000000e+01 9.00000000000000e+00 0.00000000000000e+00
1031 8.10000000000000e+01 9.00000000000000e+00 0.00000000000000e+00
1032 8.00000000000000e+01 9.00000000000000e+00 0.00000000000000e+00
1033 7.90000000000000e+01 9.00000000000000e+00 0.00000000000000e+00
1034 7.80000000000000e+01 9.00000000000000e+00 0.00000000000000e+00
1035 7.70000000000000e+01 9.00000000000000e+00 0.00000000000000e+00
1036 7.60000000000000e+01 9.00000000000000e+00 0.00000000000000e+00
1037 7.50000000000000e+01 9.00000000000000e+00 0.00000000000000e+00
1038 7.40000000000000e+01 9.00000000000000e+00 0.00000000000000e+00
1039 7.30000000000000e+01 9.00000000000000e+00 0.00000000000000e+00
1040 7.20000000000000e+01 9.00000000000000e+00 0.00000000000000e+00
1041 7.10000000000000e+01 9.00000000000000e+00 0.00000000000000e+00
1042 7.00000000000000e+01 9.00000000000000e+00 0.00000000000000e+00
1043 6.90000000000000e+01 9.00000000000000e+00 0.00000000000000e+00
1044 6.80000000000000e+01 9.00000000000000e+00 0.00000000000000e+00
1045 6.70000000000000e+01 9.00000000000000e+00 0.00000000000000e+00
1046 6.60000000000000e+01 9.00000000000000e+00 0.00000000000000e+00
1047 6.50000000000000e+01 9.00000000000000e+00 0.00000000000000e+00
1048 6.40000000000000e+01 9.00000000000000e+00 0.00000000000000e+00
1049 6.30000000000000e+01 9.00000000000000e+00 0.00000000000000e+00
1050 6.20000000000000e+01 9.00000000000000e+00 0.00000000000000e+00
1051 6.10000000000000e+01 9.00000000000000e+00 0.00000000000000e+00
1052 6.00000000000000e+01 9.00000000000000e+00 0.00000000000000e+00
1053 5.90000000000000e+01 9.00000000000000e+00 0.00000000000000e+00
1054 5.80000000000000e+01 9.00000000000000e+00 0.00000000000000e+00
1055 5.70000000000000e+01 9.00000000000000e+00 0.00000000000000e+00
1056 5.60000000000000e+01 9.00000000000000e+00 0.00000000000000e+00
1057 5.50000000000000e+01 9.00000000000000e+00 0.00000000000000e+00
1058 5.40000000000000e+01 9.00000000000000e+00 0.00000000000000e+00
1059 5.30000000000000e+01 9.00000000000000e+00 0.00000000000000e+00
1060 5.20000000000000e+01 9.00000000000000e+00 0.00000000000000e+00
1061 5.10000000000000e+01 9.00000000000000e+00 0.00000000000000e+00
1062 5.00000000000000e+01 9.00000000000000e+00 0.00000000000000e+00
1063 4.90000000000000e+01 9.00000000000000e+00 0.00000000000000e+00
1064 4.80000000000000e+01 9.00000000000000e+00 0.00000000000000e+00
1065 4.70000000000000e+01 9.00000000000000e+00 0.00000000000000e+00
1066 4.60000000000000e+01 9.00000000000000e+00 0.00000000000000e+00
1067 4.50000000000000e+01 9.00000000000000e+00 0.00000000000000e+00
1068 4.40000000000000e+01 9.00000000000000e+00 0.00000000000000e+00
1069 4.30000000000000e+01 9.00000000000000e+00 0.00000000000000e+00
1070 4.20000000000000e+01 9.00000000000000e+00 0.00000000000000e+00
1071 4.10000000000000e+01 9.00000000000000e+00 0.00000000000000e+00
1072 4.00000000000000e+01 9.00000000000000e+00 0.00000000000000e+00
1073 3.90000000000000e+01 9.00000000000000e+00 0.00000000000000e+00
1074 3.80000000000000e+01 9.00000000000000e+00 0.00000000000000e+00
1075 3.70000000000000e+01 9.00000000000000e+00 0.00000000000000e+00
1076 3.60000000000000e+01 9.00000000000000e+00 0.00000000000000e+00
1077 3.50000000000000e+01 9.00000000000000e+00 0.00000000000000e+00
1078 3.40000000000000e+01 9.00000000000000e+00 0.00000000000000e+00
1079 3.30000000000000e+01 9.00000000000000e+00 0.00000000000000e+00
1080 3.20000000000000e+01 9.00000000000000e+00 0.00000000000000e+00
1081 3.10000000000000e+01 9.00000000000000e+00 0.00000000000000e+00
1082 3.00000000000000e+01 9.00000000000000e+00 0.00000000000000e+00
1083 2.90000000000000e+01 9.00000000000000e+00 0.00000000000000e+00
1084 2.80000000000000e+01 9.00000000000000e+00 0.00000000000000e+00
1085 2.70000000000000e+01 9.00000000000000e+00 0.00000000000000e+00
1086 2.60000000000000e+01 9.00000000000000e+00 0.00000000000000e+00
1087 2.50000000000000e+01 9.00000000000000e+00 0.00000000000000e+00
1088 2.40000000000000e+01 9.00000000000000e+00 0.00000000000000e+00
1089 2.30000000000000e+01 9.00000000000000e+00 0.00000000000000e+00
1090 2.20000000000000e+01 9.00000000000000e+00 0.00000000000000e+00
1091 2.10000000000000e+01 9.00000000000000e+00 0.00000000000000e+00
1092 2.00000000000000e+01 9.00000000000000e+00 0.00000000000000e+00
1093 1.90000000000000e+01 9.00000000000000e+00 0.00000000000000e+00
1094 1.80000000000000e+01 9.00000000000000e+00 0.00000000000000e+00
1095 1.70000000000000e+01 9.00000000000000e+00 0.00000000000000e+00
1096 1.60000000000000e+01 9.00000000000000e+00 0.00000000000000e+00
1097 1.50000000000000e+01 9.00000000000000e+00 0.00000000000000e+00
1098 1.40000000000000e+01 9.00000000000000e+00 0.00000000000000e+00
1099 1.30000000000000e+01 9.00000000000000e+00 0.00000000000000e+00
1100 1.20000000000000e+01 9.00000000000000e+00 0.00000000000000e+00
1101 1.10000000000000e+01 9.00000000000000e+00 0.00000000000000e+00
1102 1.00000000000000e+01 9.00000000000000e+00 0.00000000000000e+00
1103 9.00000000000001e+00 9.00000000000000e+00 0.00000000000000e+00
1104 8.00000000000000e+00 9.00000000000000e+00 0.00000000000000e+00
1105 7.00000000000000e+00 9.00000000000000e+00 0.00000000000000e+00
1106 6.00000000000000e+00 9.00000000000000e+00 0.00000000000000e+00
1107 4.99999999999999e+00 9.00000000000000e+00 0.00000000000000e+00
1108 3.99999999999999e+00 9.00000000000000e+00 0.00000000000000e+00
1109 2.99999999999999e+00 9.00000000000000e+00 0.00000000000000e+00
1110 2.00000000000000e+00 9.00000000000000e+00 0.00000000000000e+00
1111 1.00000000000000e+00 9.00000000000000e+00 0.00000000000000e+00
1 102 1 3 
2 102 3 4 
3 102 4 5 
4 102 5 6 
5 102 6 7 
6 102 7 8 
7 102 8 9 
8 102 9 10 
9 102 10 11 
10 102 11 2 
11 102 12 14 
12 102 14 15 
13 102 15 16 
14 102 16 17 
15 102 17 18 
16 102 18 19 
17 102 19 20 
18 102 20 21 
19 102 21 22 
20 102 22 13 
21 102 12 23 
22 102 23 25 
23 102 25 27 
24 102 27 29 
25 102 29 31 
26 102 31 33 
27 102 33 35 
28 102 35 37 
29 102 37 39 
30 102 39 41 
31 102 41 43 
32 102 43 45 
33 102 45 47 
34 102 47 49 
35 102 49 51 
36 102 51 53 
37 102 53 55 
38 102 55 57 
39 102 57 59 
40 102 59 61 
41 102 61 63 
42 102 63 65 
43 102 65 67 
44 102 67 69 
45 102 69 71 
46 102 71 73 
47 102 73 75 
48 102 75 77 
49 102 77 79 
50 102 79 81 
51 102 81 83 
52 102 83 85 
53 102 85 87 
54 102 87 89 
55 102 89 91 
56 102 91 93 
57 102 93 95 
58 102 95 97 
59 102 97 99 
60 102 99 101 
61 102 101 103 
62 102 103 105 
63 102 105 107 
64 102 107 109 
65 102 109 111 
66 102 111 113 
67 102 113 115 
68 102 115 117 
69 102 117 119 
70 102 119 121 
71 102 121 123 
72 102 123 125 
73 102 125 127 
74 102 127 129 
75 102 129 131 
76 102 131 133 
77 102 133 135 
78 102 135 137 
79 102 137 139 
80 102 139 141 
81 102 141 143 
82 102 143 145 
83 102 145 147 
84 102 147 149 
85 102 149 151 
86 102 151 153 
87 102 153 155 
88 102 155 157 
89 102 157 159 
90 102 159 161 
91 102 161 163 
92 102 163 165 
93 102 165 167 
94 102 167 169 
95 102 169 171 
96 102 171 173 
97 102 173 175 
98 102 175 177 
99 102 177 179 
100 102 179 181 
101 102 181 183 
102 102 183 185 
103 102 185 187 
104 102 187 189 
105 102 189 191 
106 102 191 193 
107 102 193 195 
108 102 195 197 
109 102 197 199 
110 102 199 201 
111 102 201 203 
112 102 203 205 
113 102 205 207 
114 102 207 209 
115 102 209 211 
116 102 211 213 
117 102 213 215 
118 102 215 217 
119 102 217 219 
120 102 219 1 
121 102 2 220 
122 102 220 218 
123 102 218 216 
124 102 216 214 
125 102 214 212 
126 102 212 210 
127 102 210 208 
128 102 208 206 
129 102 206 204 
130 102 204 202 
131 102 202 200 
132 102 200 198 
133 102 198 196 
134 102 196 194 
135 102 194 192 
136 102 192 190 
137 102 190 188 
138 102 188 186 
139 102 186 184 
140 102 184 182 
141 102 182 180 
142 102 180 178 
143 102 178 176 
144 102 176 174 
145 102 174 172 
146 102 172 170 
147 102 170 168 
148 102 168 166 
149 102 166 164 
150 102 164 162 
151 102 162 160 
152 102 160 158 
153 102 158 156 
154 102 156 154 
155 102 154 152 
156 102 152 150 
157 102 150 148 
158 102 148 146 
159 102 146 144 
160 102 144 142 
161 102 142 140 
162 102 140 138 
163 102 138 136 
164 102 136 134 
165 102 134 132 
166 102 132 130 
167 102 130 128 
168 102 128 126 
169 102 126 124 
170 102 124 122 
171 102 122 120 
172 102 120 118 
173 102 118 116 
174 102 116 114 
175 102 114 112 
176 102 112 110 
177 102 110 108 
178 102 108 106 
179 102 106 104 
180 102 104 102 
181 102 102 100 
182 102 100 98 
183 102 98 96 
184 102 96 94 
185 102 94 92 
186 102 92 90 
187 102 90 88 
188 102 88 86 
189 102 86 84 
190 102 84 82 
191 102 82 80 
192 102 80 78 
193 102 78 76 
194 102 76 74 
195 102 74 72 
196 102 72 70 
197 102 70 68 
198 102 68 66 
199 102 66 64 
200 102 64 62 
201 102 62 60 
202 102 60 58 
203 102 58 56 
204 102 56 54 
205 102 54 52 
206 102 52 50 
207 102 50 48 
208 102 48 46 
209 102 46 44 
210 102 44 42 
211 102 42 40 
212 102 40 38 
213 102 38 36 
214 102 36 34 
215 102 34 32 
216 102 32 30 
217 102 30 28 
218 102 28 26 
219 102 26 24 
220 102 24 13 
221 204 1 3 221 219 
222 204 219 221 222 217 
223 204 217 222 223 215 
224 204 215 223 224 213 
225 204 213 224 225 211 
226 204 211 225 226 209 
227 204 209 226 227 207 
228 204 207 227 228 205 
229 204 205 228 229 203 
230 204 203 229 230 201 
231 204 201 230 231 199 
232 204 199 231 232 197 
233 204 197 232 233 195 
234 204 195 233 234 193 
235 204 193 234 235 191 
236 204 191 235 236 189 
237 204 189 236 237 187 
238 204 187 237 238 185 
239 204 185 238 239 183 
240 204 183 239 240 181 
241 204 181 240 241 179 
242 204 179 241 242 177 
243 204 177 242 243 175 
244 204 175 243 244 173 
245 204 173 244 245 171 
246 204 171 245 246 169 
247 204 169 246 247 167 
248 204 167 247 248 165 
249 204 165 248 249 163 
250 204 163 249 250 161 
251 204 161 250 251 159 
252 204 159 251 252 157 
253 204 157 252 253 155 
254 204 155 253 254 153 
255 204 153 254 255 151 
256 204 151 255 256 149 
257 204 149 256 257 147 
258 204 147 257 258 145 
259 204 145 258 259 143 
260 204 143 259 260 141 
261 204 141 260 261 139 
262 204 139 261 262 137 
263 204 137 262 263 135 
264 204 135 263 264 133 
265 204 133 264 265 131 
266 204 131 265 266 129 
267 204 129 266 267 127 
268 204 127 267 268 125 
269 204 125 268 269 123 
270 204 123 269 270 121 
271 204 121 270 271 119 
272 204 119 271 272 117 
273 204 117 272 273 115 
274 204 115 273 274 113 
275 204 113 274 275 111 
276 204 111 275 276 109 
277 204 109 276 277 107 
278 204 107 277 278 105 
279 204 105 278 279 103 
280 204 103 279 280 101 
281 204 101 280 281 99 
282 204 99 281 282 97 
283 204 97 282 283 95 
284 204 95 283 284 93 
285 204 93 284 285 91 
286 204 91 285 286 89 
287 204 89 286 287 87 
288 204 87 287 288 85 
289 204 85 288 289 83 
290 204 83 289 290 81 
291 204 81 290 291 79 
292 204 79 291 292 77 
293 204 77 292 293 75 
294 204 75 293 294 73 
295 204 73 294 295 71 
296 204 71 295 296 69 
297 204 69 296 297 67 
298 204 67 297 298 65 
299 204 65 298 299 63 
300 204 63 299 300 61 
301 204 61 300 301 59 
302 204 59 301 302 57 
303 204 57 302 303 55 
304 204 55 303 304 53 
305 204 53 304 305 51 
306 204 51 305 306 49 
307 204 49 306 307 47 
308 204 47 307 308 45 
309 204 45 308 309 43 
310 204 43 309 310 41 
311 204 41 310 311 39 
312 204 39 311 312 37 
313 204 37 312 313 35 
314 204 35 313 314 33 
315 204 33 314 315 31 
316 204 31 315 316 29 
317 204 29 316 317 27 
318 204 27 317 318 25 
319 204 25 318 319 23 
320 204 23 319 14 12 
321 204 3 4 320 221 
322 204 221 320 321 222 
323 204 222 321 322 223 
324 204 223 322 323 224 
325 204 224 323 324 225 
326 204 225 324 325 226 
327 204 226 325 326 227 
328 204 227 326 327 228 
329 204 228 327 328 229 
330 204 229 328 329 230 
331 204 230 329 330 231 
332 204 231 330 331 232 
333 204 232 331 332 233 
334 204 233 332 333 234 
335 204 234 333 334 235 
336 204 235 334 335 236 
337 204 236 335 336 237 
338 204 237 336 337 238 
339 204 238 337 338 239 
340 204 239 338 339 240 
341 204 240 339 340 241 
342 204 241 340 341 242 
343 204 242 341 342 243 
344 204 243 342 343 244 
345 204 244 343 344 245 
346 204 245 344 345 246 
347 204 246 345 346 247 
348 204 247 346 347 248 
349 204 248 347 348 249 
350 204 249 348 349 250 
351 204 250 349 350 251 
352 204 251 350 351 252 
353 204 252 351 352 253 
354 204 253 352 353 254 
355 204 254 353 354 255 
356 204 255 354 355 256 
357 204 256 355 356 257 
358 204 257 356 357 258 
359 204 258 357 358 259 
360 204 259 358 359 260 
361 204 260 359 360 261 
362 204 261 360 361 262 
363 204 262 361 362 263 
364 204 263 362 363 264 
365 204 264 363 364 265 
366 204 265 364 365 266 
367 204 266 365 366 267 
368 204 267 366 367 268 
369 204 268 367 368 269 
370 204 269 368 369 270 
371 204 270 369 370 271 
372 204 271 370 371 272 
373 204 272 371 372 273 
374 204 273 372 373 274 
375 204 274 373 374 275 
376 204 275 374 375 276 
377 204 276 375 376 277 
378 204 277 376 377 278 
379 204 278 377 378 279 
380 204 279 378 379 280 
381 204 280 379 380 281 
382 204 281 380 381 282 
383 204 282 381 382 283 
384 204 283 382 383 284 
385 204 284 383 384 285 
386 204 285 384 385 286 
387 204 286 385 386 287 
388 204 287 386 387 288 
389 204 288 387 388 289 
390 204 289 388 389 290 
391 204 290 389 390 291 
392 204 291 390 391 292 
393 204 292 391 392 293 
394 204 293 392 393 294 
395 204 294 393 394 295 
396 204 295 394 395 296 
397 204 296 395 396 297 
398 204 297 396 397 298 
399 204 298 397 398 299 
400 204 299 398 399 300 
401 204 300 399 400 301 
402 204 301 400 401 302 
403 204 302 401 402 303 
404 204 303 402 403 304 
405 204 304 403 404 305 
406 204 305 404 405 306 
407 204 306 405 406 307 
408 204 307 406 407 308 
409 204 308 407 408 309 
410 204 309 408 409 310 
411 204 310 409 410 311 
412 204 311 410 411 312 
413 204 312 411 412 313 
414 204 313 412 413 314 
415 204 314 413 414 315 
416 204 315 414 415 316 
417 204 316 415 416 317 
418 204 317 416 417 318 
419 204 318 417 418 319 
420 204 319 418 15 14 
421 204 4 5 419 320 
422 204 320 419 420 321 
423 204 321 420 421 322 
424 204 322 421 422 323 
425 204 323 422 423 324 
426 204 324 423 424 325 
427 204 325 424 425 326 
428 204 326 425 426 327 
429 204 327 426 427 328 
430 204 328 427 428 329 
431 204 329 428 429 330 
432 204 330 429 430 331 
433 204 331 430 431 332 
434 204 332 431 432 333 
435 204 333 432 433 334 
436 204 334 433 434 335 
437 204 335 434 435 336 
438 204 336 435 436 337 
439 204 337 436 437 338 
440 204 338 437 438 339 
441 204 339 438 439 340 
442 204 340 439 440 341 
443 204 341 440 441 342 
444 204 342 441 442 343 
445 204 343 442 443 344 
446 204 344 443 444 345 
447 204 345 444 445 346 
448 204 346 445 446 347 
449 204 347 446 447 348 
450 204 348 447 448 349 
451 204 349 448 449 350 
452 204 350 449 450 351 
453 204 351 450 451 352 
454 204 352 451 452 353 
455 204 353 452 453 354 
456 204 354 453 454 355 
457 204 355 454 455 356 
458 204 356 455 456 357 
459 204 357 456 457 358 
460 204 358 457 458 359 
461 204 359 458 459 360 
462 204 360 459 460 361 
463 204 361 460 461 362 
464 204 362 461 462 363 
465 204 363 462 463 364 
466 204 364 463 464 365 
467 204 365 464 465 366 
468 204 366 465 466 367 
469 204 367 466 467 368 
470 204 368 467 468 369 
471 204 369 468 469 370 
472 204 370 469 470 371 
473 204 371 470 471 372 
474 204 372 471 472 373 
475 204 373 472 473 374 
476 204 374 473 474 375 
477 204 375 474 475 376 
478 204 376 475 476 377 
479 204 377 476 477 378 
480 204 378 477 478 379 
481 204 379 478 479 380 
482 204 380 479 480 381 
483 204 381 480 481 382 
484 204 382 481 482 383 
485 204 383 482 483 384 
486 204 384 483 484 385 
487 204 385 484 485 386 
488 204 386 485 486 387 
489 204 387 486 487 388 
490 204 388 487 488 389 
491 204 389 488 489 390 
492 204 390 489 490 391 
493 204 391 490 491 392 
494 204 392 491 492 393 
495 204 393 492 493 394 
496 204 394 493 494 395 
497 204 395 494 495 396 
498 204 396 495 496 397 
499 204 397 496 497 398 
500 204 398 497 498 399 
501 204 399 498 499 400 
502 204 400 499 500 401 
503 204 401 500 501 402 
504 204 402 501 502 403 
505 204 403 502 503 404 
506 204 404 503 504 405 
507 204 405 504 505 406 
508 204 406 505 506 407 
509 204 407 506 507 408 
510 204 408 507 508 409 
511 204 409 508 509 410 
512 204 410 509 510 411 
513 204 411 510 511 412 
514 204 412 511 512 413 
515 204 413 512 513 414 
516 204 414 513 514 415 
517 204 415 514 515 416 
518 204 416 515 516 417 
519 204 417 516 517 418 
520 204 418 517 16 15 
521 204 5 6 518 419 
522 204 419 518 519 420 
523 204 420 519 520 421 
524 204 421 520 521 422 
525 204 422 521 522 423 
526 204 423 522 523 424 
527 204 424 523 524 425 
528 204 425 524 525 426 
529 204 426 525 526 427 
530 204 427 526 527 428 
531 204 428 527 528 429 
532 204 429 528 529 430 
533 204 430 529 530 431 
534 204 431 530 531 432 
535 204 432 531 532 433 
536 204 433 532 533 434 
537 204 434 533 534 435 
538 204 435 534 535 436 
539 204 436 535 536 437 
540 204 437 536 537 438 
541 204 438 537 538 439 
542 204 439 538 539 440 
543 204 440 539 540 441 
544 204 441 540 541 442 
545 204 442 541 542 443 
546 204 443 542 543 444 
547 204 444 543 544 445 
548 204 445 544 545 446 
549 204 446 545 546 447 
550 204 447 546 547 448 
551 204 448 547 548 449 
552 204 449 548 549 450 
553 204 450 549 550 451 
554 204 451 550 551 452 
555 204 452 551 552 453 
556 204 453 552 553 454 
557 204 454 553 554 455 
558 204 455 554 555 456 
559 204 456 555 556 457 
560 204 457 556 557 458 
561 204 458 557 558 459 
562 204 459 558 559 460 
563 204 460 559 560 461 
564 204 461 560 561 462 
565 204 462 561 562 463 
566 204 463 562 563 464 
567 204 464 563 564 465 
568 204 465 564 565 466 
569 204 466 565 566 467 
570 204 467 566 567 468 
571 204 468 567 568 469 
572 204 469 568 569 470 
573 204 470 569 570 471 
574 204 471 570 571 472 
575 204 472 571 572 473 
576 204 473 572 573 474 
577 204 474 573 574 475 
578 204 475 574 575 476 
579 204 476 575 576 477 
580 204 477 576 577 478 
581 204 478 577 578 479 
582 204 479 578 579 480 
583 204 480 579 580 481 
584 204 481 580 581 482 
585 204 482 581 582 483 
586 204 483 582 583 484 
587 204 484 583 584 485 
588 204 485 584 585 486 
589 204 486 585 586 487 
590 204 487 586 587 488 
591 204 488 587 588 489 
592 204 489 588 589 490 
593 204 490 589 590 491 
594 204 491 590 591 492 
595 204 492 591 592 493 
596 204 493 592 593 494 
597 204 494 593 594 495 
598 204 495 594 595 496 
599 204 496 595 596 497 
600 204 497 596 597 498 
601 204 498 597 598 499 
602 204 499 598 599 500 
603 204 500 599 600 501 
604 204 501 600 601 502 
605 204 502 601 602 503 
606 204 503 602 603 504 
607 204 504 603 604 505 
608 204 505 604 605 506 
609 204 506 605 606 507 
610 204 507 606 607 508 
611 204 508 607 608 509 
612 204 509 608 609 510 
613 204 510 609 610 511 
614 204 511 610 611 512 
615 204 512 611 612 513 
616 204 513 612 613 514 
617 204 514 613 614 515 
618 204 515 614 615 516 
619 204 516 615 616 517 
620 204 517 616 17 16 
621 204 6 7 617 518 
622 204 518 617 618 519 
623 204 519 618 619 520 
624 204 520 619 620 521 
625 204 521 620 621 522 
626 204 522 621 622 523 
627 204 523 622 623 524 
628 204 524 623 624 525 
629 204 525 624 625 526 
630 204 526 625 626 527 
631 204 527 626 627 528 
632 204 528 627 628 529 
633 204 529 628 629 530 
634 204 530 629 630 531 
635 204 531 630 631 532 
636 204 532 631 632 533 
637 204 533 632 633 534 
638 204 534 633 634 535 
639 204 535 634 635 536 
640 204 536 635 636 537 
641 204 537 636 637 538 
642 204 538 637 638 539 
643 204 539 638 639 540 
644 204 540 639 640 541 
645 204 541 640 641 542 
646 204 542 641 642 543 
647 204 543 642 643 544 
648 204 544 643 644 545 
649 204 545 644 645 546 
650 204 546 645 646 547 
651 204 547 646 647 548 
652 204 548 647 648 549 
653 204 549 648 649 550 
654 204 550 649 650 551 
655 204 551 650 651 552 
656 204 552 651 652 553 
657 204 553 652 653 554 
658 204 554 653 654 555 
659 204 555 654 655 556 
660 204 556 655 656 557 
661 204 557 656 657 558 
662 204 558 657 658 559 
663 204 559 658 659 560 
664 204 560 659 660 561 
665 204 561 660 661 562 
666 204 562 661 662 563 
667 204 563 662 663 564 
668 204 564 663 664 565 
669 204 565 664 665 566 
670 204 566 665 666 567 
671 204 567 666 667 568 
672 204 568 667 668 569 
673 204 569 668 669 570 
674 204 570 669 670 571 
675 204 571 670 671 572 
676 204 572 671 672 573 
677 204 573 672 673 574 
678 204 574 673 674 575 
679 204 575 674 675 576 
680 204 576 675 676 577 
681 204 577 676 677 578 
682 204 578 677 678 579 
683 204 579 678 679 580 
684 204 580 679 680 581 
685 204 581 680 681 582 
686 204 582 681 682 583 
687 204 583 682 683 584 
688 204 584 683 684 585 
689 204 585 684 685 586 
690 204 586 685 686 587 
691 204 587 686 687 588 
692 204 588 687 688 589 
693 204 589 688 689 590 
694 204 590 689 690 591 
695 204 591 690 691 592 
696 204 592 691 692 593 
697 204 593 692 693 594 
698 204 594 693 694 595 
699 204 595 694 695 596 
700 204 596 695 696 597 
701 204 597 696 697 598 
702 204 598 697 698 599 
703 204 599 698 699 600 
704 204 600 699 700 601 
705 204 601 700 701 602 
706 204 602 701 702 603 
707 204 603 702 703 604 
708 204 604 703 704 605 
709 204 605 704 705 606 
710 204 606 705 706 607 
711 204 607 706 707 608 
712 204 608 707 708 609 
713 204 609 708 709 610 
714 204 610 709 710 611 
715 204 611 710 711 612 
716 204 612 711 712 613 
717 204 613 712 713 614 
718 204 614 713 714 615 
719 204 615 714 715 616 
720 204 616 715 18 17 
721 204 7 8 716 617 
722 204 617 716 717 618 
723 204 618 717 718 619 
724 204 619 718 719 620 
725 204 620 719 720 621 
726 204 621 720 721 622 
727 204 622 721 722 623 
728 204 623 722 723 624 
729 204 624 723 724 625 
730 204 625 724 725 626 
731 204 626 725 726 627 
732 204 627 726 727 628 
733 204 628 727 728 629 
734 204 629 728 729 630 
735 204 630 729 730 631 
736 204 631 730 731 632 
737 204 632 731 732 633 
738 204 633 732 733 634 
739 204 634 733 734 635 
740 204 635 734 735 636 
741 204 636 735 736 637 
742 204 637 736 737 638 
743 204 638 737 738 639 
744 204 639 738 739 640 
745 204 640 739 740 641 
746 204 641 740 741 642 
747 204 642 741 742 643 
748 204 643 742 743 644 
749 204 644 743 744 645 
750 204 645 744 745 646 
751 204 646 745 746 647 
752 204 647 746 747 648 
753 204 648 747 748 649 
754 204 649 748 749 650 
755 204 650 749 750 651 
756 204 651 750 751 652 
757 204 652 751 752 653 
758 204 653 752 753 654 
759 204 654 753 754 655 
760 204 655 754 755 656 
761 204 656 755 756 657 
762 204 657 756 757 658 
763 204 658 757 758 659 
764 204 659 758 759 660 
765 204 660 759 760 661 
766 204 661 760 761 662 
767 204 662 761 762 663 
768 204 663 762 763 664 
769 204 664 763 764 665 
770 204 665 764 765 666 
771 204 666 765 766 667 
772 204 667 766 767 668 
773 204 668 767 768 669 
774 204 669 768 769 670 
775 204 670 769 770 671 
776 204 671 770 771 672 
777 204 672 771 772 673 
778 204 673 772 773 674 
779 204 674 773 774 675 
780 204 675 774 775 676 
781 204 676 775 776 677 
782 204 677 776 777 678 
783 204 678 777 778 679 
784 204 679 778 779 680 
785 204 680 779 780 681 
786 204 681 780 781 682 
787 204 682 781 782 683 
788 204 683 782 783 684 
789 204 684 783 784 685 
790 204 685 784 785 686 
791 204 686 785 786 687 
792 204 687 786 787 688 
793 204 688 787 788 689 
794 204 689 788 789 690 
795 204 690 789 790 691 
796 204 691 790 791 692 
797 204 692 791 792 693 
798 204 693 792 793 694 
799 204 694 793 794 695 
800 204 695 794 795 696 
801 204 696 795 796 697 
802 204 697 796 797 698 
803 204 698 797 798 699 
804 204 699 798 799 700 
805 204 700 799 800 701 
806 204 701 800 801 702 
807 204 702 801 802 703 
808 204 703 802 803 704 
809 204 704 803 804 705 
810 204 705 804 805 706 
811 204 706 805 806 707 
812 204 707 806 807 708 
813 204 708 807 808 709 
814 204 709 808 809 710 
815 204 710 809 810 711 
816 204 711 810 811 712 
817 204 712 811 812 713 
818 204 713 812 813 714 
819 204 714 813 814 715 
820 204 715 814 19 18 
821 204 8 9 815 716 
822 204 716 815 816 717 
823 204 717 816 817 718 
824 204 718 817 818 719 
825 204 719 818 819 720 
826 204 720 819 820 721 
827 204 721 820 821 722 
828 204 722 821 822 723 
829 204 723 822 823 724 
830 204 724 823 824 725 
831 204 725 824 825 726 
832 204 726 825 826 727 
833 204 727 826 827 728 
834 204 728 827 828 729 
835 204 729 828 829 730 
836 204 730 829 830 731 
837 204 731 830 831 732 
838 204 732 831 832 733 
839 204 733 832 833 734 
840 204 734 833 834 735 
841 204 735 834 835 736 
842 204 736 835 836 737 
843 204 737 836 837 738 
844 204 738 837 838 739 
845 204 739 838 839 740 
846 204 740 839 840 741 
847 204 741 840 841 742 
848 204 742 841 842 743 
849 204 743 842 843 744 
850 204 744 843 844 745 
851 204 745 844 845 746 
852 204 746 845 846 747 
853 204 747 846 847 748 
854 204 748 847 848 749 
855 204 749 848 849 750 
856 204 750 849 850 751 
857 204 751 850 851 752 
858 204 752 851 852 753 
859 204 753 852 853 754 
860 204 754 853 854 755 
861 204 755 854 855 756 
862 204 756 855 856 757 
863 204 757 856 857 758 
864 204 758 857 858 759 
865 204 759 858 859 760 
866 204 760 859 860 761 
867 204 761 860 861 762 
868 204 762 861 862 763 
869 204 763 862 863 764 
870 204 764 863 864 765 
871 204 765 864 865 766 
872 204 766 865 866 767 
873 204 767 866 867 768 
874 204 768 867 868 769 
875 204 769 868 869 770 
876 204 770 869 870 771 
877 204 771 870 871 772 
878 204 772 871 872 773 
879 204 773 872 873 774 
880 204 774 873 874 775 
881 204 775 874 875 776 
882 204 776 875 876 777 
883 204 777 876 877 778 
884 204 778 877 878 779 
885 204 779 878 879 780 
886 204 780 879 880 781 
887 204 781 880 881 782 
888 204 782 881 882 783 
889 204 783 882 883 784 
890 204 784 883 884 785 
891 204 785 884 885 786 
892 204 786 885 886 787 
893 204 787 886 887 788 
894 204 788 887 888 789 
895 204 789 888 889 790 
896 204 790 889 890 791 
897 204 791 890 891 792 
898 204 792 891 892 793 
899 204 793 892 893 794 
900 204 794 893 894 795 
901 204 795 894 895 796 
902 204 796 895 896 797 
903 204 797 896 897 798 
904 204 798 897 898 799 
905 204 799 898 899 800 
906 204 800 899 900 801 
907 204 801 900 901 802 
908 204 802 901 902 803 
909 204 803 902 903 804 
910 204 804 903 904 805 
911 204 805 904 905 806 
912 204 806 905 906 807 
913 204 807 906 907 808 
914 204 808 907 908 809 
915 204 809 908 909 810 
916 204 810 909 910 811 
917 204 811 910 911 812 
918 204 812 911 912 813 
919 204 813 912 913 814 
920 204 814 913 20 19 
921 204 9 10 914 815 
922 204 815 914 915 816 
923 204 816 915 916 817 
924 204 817 916 917 818 
925 204 818 917 918 819 
926 204 819 918 919 820 
927 204 820 919 920 821 
928 204 821 920 921 822 
929 204 822 921 922 823 
930 204 823 922 923 824 
931 204 824 923 924 825 
932 204 825 924 925 826 
933 204 826 925 926 827 
934 204 827 926 927 828 
935 204 828 927 928 829 
936 204 829 928 929 830 
937 204 830 929 930 831 
938 204 831 930 931 832 
939 204 832 931 932 833 
940 204 833 932 933 834 
941 204 834 933 934 835 
942 204 835 934 935 836 
943 204 836 935 936 837 
944 204 837 936 937 838 
945 204 838 937 938 839 
946 204 839 938 939 840 
947 204 840 939 940 841 
948 204 841 940 941 842 
949 204 842 941 942 843 
950 204 843 942 943 844 
951 204 844 943 944 845 
952 204 845 944 945 846 
953 204 846 945 946 847 
954 204 847 946 947 848 
955 204 848 947 948 849 
956 204 849 948 949 850 
957 204 850 949 950 851 
958 204 851 950 951 852 
959 204 852 951 952 853 
960 204 853 952 953 854 
961 204 854 953 954 855 
962 204 855 954 955 856 
963 204 856 955 956 857 
964 204 857 956 957 858 
965 204 858 957 958 859 
966 204 859 958 959 860 
967 204 860 959 960 861 
968 204 861 960 961 862 
969 204 862 961 962 863 
970 204 863 962 963 864 
971 204 864 963 964 865 
972 204 865 964 965 866 
973 204 866 965 966 867 
974 204 867 966 967 868 
975 204 868 967 968 869 
976 204 869 968 969 870 
977 204 870 969 970 871 
978 204 871 970 971 872 
979 204 872 971 972 873 
980 204 873 972 973 874 
981 204 874 973 974 875 
982 204 875 974 975 876 
983 204 876 975 976 877 
984 204 877 976 977 878 
985 204 878 977 978 879 
986 204 879 978 979 880 
987 204 880 979 980 881 
988 204 881 980 981 882 
989 204 882 981 982 883 
990 204 883 982 983 884 
991 204 884 983 984 885 
992 204 885 984 985 886 
993 204 886 985 986 887 
994 204 887 986 987 888 
995 204 888 987 988 889 
996 204 889 988 989 890 
997 204 890 989 990 891 
998 204 891 990 991 892 
999 204 892 991 992 893 
1000 204 893 992 993 894 
1001 204 894 993 994 895 
1002 204 895 994 995 896 
1003 204 896 995 996 897 
1004 204 897 996 997 898 
1005 204 898 997 998 899 
1006 204 899 998 999 900 
1007 204 900 999 1000 901 
1008 204 901 1000 1001 902 
1009 204 902 1001 1002 903 
1010 204 903 1002 1003 904 
1011 204 904 1003 1004 905 
1012 204 905 1004 1005 906 
1013 204 906 1005 1006 907 
1014 204 907 1006 1007 908 
1015 204 908 1007 1008 909 
1016 204 909 1008 1009 910 
1017 204 910 1009 1010 911 
1018 204 911 1010 1011 912 
1019 204 912 1011 1012 913 
1020 204 913 1012 21 20 
1021 204 10 11 1013 914 
1022 204 914 1013 1014 915 
1023 204 915 1014 1015 916 
1024 204 916 1015 1016 917 
1025 204 917 1016 1017 918 
1026 204 918 1017 1018 919 
1027 204 919 1018 1019 920 
1028 204 920 1019 1020 921 
1029 204 921 1020 1021 922 
1030 204 922 1021 1022 923 
1031 204 923 1022 1023 924 
1032 204 924 1023 1024 925 
1033 204 925 1024 1025 926 
1034 204 926 1025 1026 927 
1035 204 927 1026 1027 928 
1036 204 928 1027 1028 929 
1037 204 929 1028 1029 930 
1038 204 930 1029 1030 931 
1039 204 931 1030 1031 932 
1040 204 932 1031 1032 933 
1041 204 933 1032 1033 934 
1042 204 934 1033 1034 935 
1043 204 935 1034 1035 936 
1044 204 936 1035 1036 937 
1045 204 937 1036 1037 938 
1046 204 938 1037 1038 939 
1047 204 939 1038 1039 940 
1048 204 940 1039 1040 941 
1049 204 941 1040 1041 942 
1050 204 942 1041 1042 943 
1051 204 943 1042 1043 944 
1052 204 944 1043 1044 945 
1053 204 945 1044 1045 946 
1054 204 946 1045 1046 947 
1055 204 947 1046 1047 948 
1056 204 948 1047 1048 949 
1057 204 949 1048 1049 950 
1058 204 950 1049 1050 951 
1059 204 951 1050 1051 952 
1060 204 952 1051 1052 953 
1061 204 953 1052 1053 954 
1062 204 954 1053 1054 955 
1063 204 955 1054 1055 956 
1064 204 956 1055 1056 957 
1065 204 957 1056 1057 958 
1066 204 958 1057 1058 959 
1067 204 959 1058 1059 960 
1068 204 960 1059 1060 961 
1069 204 961 1060 1061 962 
1070 204 962 1061 1062 963 
1071 204 963 1062 1063 964 
1072 204 964 1063 1064 965 
1073 204 965 1064 1065 966 
1074 204 966 1065 1066 967 
1075 204 967 1066 1067 968 
1076 204 968 1067 1068 969 
1077 204 969 1068 1069 970 
1078 204 970 1069 1070 971 
1079 204 971 1070 1071 972 
1080 204 972 1071 1072 973 
1081 204 973 1072 1073 974 
1082 204 974 1073 1074 975 
1083 204 975 1074 1075 976 
1084 204 976 1075 1076 977 
1085 204 977 1076 1077 978 
1086 204 978 1077 1078 979 
1087 204 979 1078 1079 980 
1088 204 980 1079 1080 981 
1089 204 981 1080 1081 982 
1090 204 982 1081 1082 983 
1091 204 983 1082 1083 984 
1092 204 984 1083 1084 985 
1093 204 985 1084 1085 986 
1094 204 986 1085 1086 987 
1095 204 987 1086 1087 988 
1096 204 988 1087 1088 989 
1097 204 989 1088 1089 990 
1098 204 990 1089 1090 991 
1099 204 991 1090 1091 992 
1100 204 992 1091 1092 993 
1101 204 993 1092 1093 994 
1102 204 994 1093 1094 995 
1103 204 995 1094 1095 996 
1104 204 996 1095 1096 997 
1105 204 997 1096 1097 998 
1106 204 998 1097 1098 999 
1107 204 999 1098 1099 1000 
1108 204 1000 1099 1100 1001 
1109 204 1001 1100 1101 1002 
1110 204 1002 1101 1102 1003 
1111 204 1003 1102 1103 1004 
1112 204 1004 1103 1104 1005 
1113 204 1005 1104 1105 1006 
1114 204 1006 1105 1106 1007 
1115 204 1007 1106 1107 1008 
1116 204 1008 1107 1108 1009 
1117 204 1009 1108 1109 1010 
1118 204 1010 1109 1110 1011 
1119 204 1011 1110 1111 1012 
1120 204 1012 1111 22 21 
1121 204 11 2 220 1013 
1122 204 1013 220 218 1014 
1123 204 1014 218 216 1015 
1124 204 1015 216 214 1016 
1125 204 1016 214 212 1017 
1126 204 1017 212 210 1018 
1127 204 1018 210 208 1019 
1128 204 1019 208 206 1020 
1129 204 1020 206 204 1021 
1130 204 1021 204 202 1022 
1131 204 1022 202 200 1023 
1132 204 1023 200 198 1024 
1133 204 1024 198 196 1025 
1134 204 1025 196 194 1026 
1135 204 1026 194 192 1027 
1136 204 1027 192 190 1028 
1137 204 1028 190 188 1029 
1138 204 1029 188 186 1030 
1139 204 1030 186 184 1031 
1140 204 1031 184 182 1032 
1141 204 1032 182 180 1033 
1142 204 1033 180 178 1034 
1143 204 1034 178 176 1035 
1144 204 1035 176 174 1036 
1145 204 1036 174 172 1037 
1146 204 1037 172 170 1038 
1147 204 1038 170 168 1039 
1148 204 1039 168 166 1040 
1149 204 1040 166 164 1041 
1150 204 1041 164 162 1042 
1151 204 1042 162 160 1043 
1152 204 1043 160 158 1044 
1153 204 1044 158 156 1045 
1154 204 1045 156 154 1046 
1155 204 1046 154 152 1047 
1156 204 1047 152 150 1048 
1157 204 1048 150 148 1049 
1158 204 1049 148 146 1050 
1159 204 1050 146 144 1051 
1160 204 1051 144 142 1052 
1161 204 1052 142 140 1053 
1162 204 1053 140 138 1054 
1163 204 1054 138 136 1055 
1164 204 1055 136 134 1056 
1165 204 1056 134 132 1057 
1166 204 1057 132 130 1058 
1167 204 1058 130 128 1059 
1168 204 1059 128 126 1060 
1169 204 1060 126 124 1061 
1170 204 1061 124 122 1062 
1171 204 1062 122 120 1063 
1172 204 1063 120 118 1064 
1173 204 1064 118 116 1065 
1174 204 1065 116 114 1066 
1175 204 1066 114 112 1067 
1176 204 1067 112 110 1068 
1177 204 1068 110 108 1069 
1178 204 1069 108 106 1070 
1179 204 1070 106 104 1071 
1180 204 1071 104 102 1072 
1181 204 1072 102 100 1073 
1182 204 1073 100 98 1074 
1183 204 1074 98 96 1075 
1184 204 1075 96 94 1076 
1185 204 1076 94 92 1077 
1186 204 1077 92 90 1078 
1187 204 1078 90 88 1079 
1188 204 1079 88 86 1080 
1189 204 1080 86 84 1081 
1190 204 1081 84 82 1082 
1191 204 1082 82 80 1083 
1192 204 1083 80 78 1084 
1193 204 1084 78 76 1085 
1194 204 1085 76 74 1086 
1195 204 1086 74 72 1087 
1196 204 1087 72 70 1088 
1197 204 1088 70 68 1089 
1198 204 1089 68 66 1090 
1199 204 1090 66 64 1091 
1200 204 1091 64 62 1092 
1201 204 1092 62 60 1093 
1202 204 1093 60 58 1094 
1203 204 1094 58 56 1095 
1204 204 1095 56 54 1096 
1205 204 1096 54 52 1097 
1206 204 1097 52 50 1098 
1207 204 1098 50 48 1099 
1208 204 1099 48 46 1100 
1209 204 1100 46 44 1101 
1210 204 1101 44 42 1102 
1211 204 1102 42 40 1103 
1212 204 1103 40 38 1104 
1213 204 1104 38 36 1105 
1214 204 1105 36 34 1106 
1215 204 1106 34 32 1107 
1216 204 1107 32 30 1108 
1217 204 1108 30 28 1109 
1218 204 1109 28 26 1110 
1219 204 1110 26 24 1111 
1220 204 1111 24 13 22 
